Id,Dataset,Algo,FeaturesLabels,TimeSteps,ForecastSteps,HiddenLayerNeurons,UseRegularization,UseDropout,Splits,Epochs,Done
0,building1,std,Total;OCCUPIED,30,5,25,False,False,4,120,False
1,building1,std,Total;OCCUPIED,30,5,25,False,True,4,120,False
2,building1,std,Total;OCCUPIED,30,5,25,True,False,4,120,False
3,building1,std,Total;OCCUPIED,30,5,25,True,True,4,120,False
4,building1,std,Total;OCCUPIED,30,5,500,False,False,4,120,False
5,building1,std,Total;OCCUPIED,30,5,500,False,True,4,120,False
6,building1,std,Total;OCCUPIED,30,5,500,True,False,4,120,False
7,building1,std,Total;OCCUPIED,30,5,500,True,True,4,120,False
8,building1,std,Total;OCCUPIED,30,5,100;50;25,False,False,4,120,False
9,building1,std,Total;OCCUPIED,30,5,100;50;25,False,True,4,120,False
10,building1,std,Total;OCCUPIED,30,5,100;50;25,True,False,4,120,False
11,building1,std,Total;OCCUPIED,30,5,100;50;25,True,True,4,120,False
12,building1,std,Total;OCCUPIED,30,30,25,False,False,4,120,False
13,building1,std,Total;OCCUPIED,30,30,25,False,True,4,120,False
14,building1,std,Total;OCCUPIED,30,30,25,True,False,4,120,False
15,building1,std,Total;OCCUPIED,30,30,25,True,True,4,120,False
16,building1,std,Total;OCCUPIED,30,30,500,False,False,4,120,False
17,building1,std,Total;OCCUPIED,30,30,500,False,True,4,120,False
18,building1,std,Total;OCCUPIED,30,30,500,True,False,4,120,False
19,building1,std,Total;OCCUPIED,30,30,500,True,True,4,120,False
20,building1,std,Total;OCCUPIED,30,30,100;50;25,False,False,4,120,False
21,building1,std,Total;OCCUPIED,30,30,100;50;25,False,True,4,120,False
22,building1,std,Total;OCCUPIED,30,30,100;50;25,True,False,4,120,False
23,building1,std,Total;OCCUPIED,30,30,100;50;25,True,True,4,120,False
24,building1,std,Total;OCCUPIED,30,96,25,False,False,4,120,False
25,building1,std,Total;OCCUPIED,30,96,25,False,True,4,120,False
26,building1,std,Total;OCCUPIED,30,96,25,True,False,4,120,False
27,building1,std,Total;OCCUPIED,30,96,25,True,True,4,120,False
28,building1,std,Total;OCCUPIED,30,96,500,False,False,4,120,False
29,building1,std,Total;OCCUPIED,30,96,500,False,True,4,120,False
30,building1,std,Total;OCCUPIED,30,96,500,True,False,4,120,False
31,building1,std,Total;OCCUPIED,30,96,500,True,True,4,120,False
32,building1,std,Total;OCCUPIED,30,96,100;50;25,False,False,4,120,False
33,building1,std,Total;OCCUPIED,30,96,100;50;25,False,True,4,120,False
34,building1,std,Total;OCCUPIED,30,96,100;50;25,True,False,4,120,False
35,building1,std,Total;OCCUPIED,30,96,100;50;25,True,True,4,120,False
36,building1,std,Total;OCCUPIED,30,288,25,False,False,4,120,False
37,building1,std,Total;OCCUPIED,30,288,25,False,True,4,120,False
38,building1,std,Total;OCCUPIED,30,288,25,True,False,4,120,False
39,building1,std,Total;OCCUPIED,30,288,25,True,True,4,120,False
40,building1,std,Total;OCCUPIED,30,288,500,False,False,4,120,False
41,building1,std,Total;OCCUPIED,30,288,500,False,True,4,120,False
42,building1,std,Total;OCCUPIED,30,288,500,True,False,4,120,False
43,building1,std,Total;OCCUPIED,30,288,500,True,True,4,120,False
44,building1,std,Total;OCCUPIED,30,288,100;50;25,False,False,4,120,False
45,building1,std,Total;OCCUPIED,30,288,100;50;25,False,True,4,120,False
46,building1,std,Total;OCCUPIED,30,288,100;50;25,True,False,4,120,False
47,building1,std,Total;OCCUPIED,30,288,100;50;25,True,True,4,120,False
48,building1,std,Total;OCCUPIED,96,5,25,False,False,4,120,False
49,building1,std,Total;OCCUPIED,96,5,25,False,True,4,120,False
50,building1,std,Total;OCCUPIED,96,5,25,True,False,4,120,False
51,building1,std,Total;OCCUPIED,96,5,25,True,True,4,120,False
52,building1,std,Total;OCCUPIED,96,5,500,False,False,4,120,False
53,building1,std,Total;OCCUPIED,96,5,500,False,True,4,120,False
54,building1,std,Total;OCCUPIED,96,5,500,True,False,4,120,False
55,building1,std,Total;OCCUPIED,96,5,500,True,True,4,120,False
56,building1,std,Total;OCCUPIED,96,5,100;50;25,False,False,4,120,False
57,building1,std,Total;OCCUPIED,96,5,100;50;25,False,True,4,120,False
58,building1,std,Total;OCCUPIED,96,5,100;50;25,True,False,4,120,False
59,building1,std,Total;OCCUPIED,96,5,100;50;25,True,True,4,120,False
60,building1,std,Total;OCCUPIED,96,30,25,False,False,4,120,False
61,building1,std,Total;OCCUPIED,96,30,25,False,True,4,120,False
62,building1,std,Total;OCCUPIED,96,30,25,True,False,4,120,False
63,building1,std,Total;OCCUPIED,96,30,25,True,True,4,120,False
64,building1,std,Total;OCCUPIED,96,30,500,False,False,4,120,False
65,building1,std,Total;OCCUPIED,96,30,500,False,True,4,120,False
66,building1,std,Total;OCCUPIED,96,30,500,True,False,4,120,False
67,building1,std,Total;OCCUPIED,96,30,500,True,True,4,120,False
68,building1,std,Total;OCCUPIED,96,30,100;50;25,False,False,4,120,False
69,building1,std,Total;OCCUPIED,96,30,100;50;25,False,True,4,120,False
70,building1,std,Total;OCCUPIED,96,30,100;50;25,True,False,4,120,False
71,building1,std,Total;OCCUPIED,96,30,100;50;25,True,True,4,120,False
72,building1,std,Total;OCCUPIED,96,96,25,False,False,4,120,False
73,building1,std,Total;OCCUPIED,96,96,25,False,True,4,120,False
74,building1,std,Total;OCCUPIED,96,96,25,True,False,4,120,False
75,building1,std,Total;OCCUPIED,96,96,25,True,True,4,120,False
76,building1,std,Total;OCCUPIED,96,96,500,False,False,4,120,False
77,building1,std,Total;OCCUPIED,96,96,500,False,True,4,120,False
78,building1,std,Total;OCCUPIED,96,96,500,True,False,4,120,False
79,building1,std,Total;OCCUPIED,96,96,500,True,True,4,120,False
80,building1,std,Total;OCCUPIED,96,96,100;50;25,False,False,4,120,False
81,building1,std,Total;OCCUPIED,96,96,100;50;25,False,True,4,120,False
82,building1,std,Total;OCCUPIED,96,96,100;50;25,True,False,4,120,False
83,building1,std,Total;OCCUPIED,96,96,100;50;25,True,True,4,120,False
84,building1,std,Total;OCCUPIED,96,288,25,False,False,4,120,False
85,building1,std,Total;OCCUPIED,96,288,25,False,True,4,120,False
86,building1,std,Total;OCCUPIED,96,288,25,True,False,4,120,False
87,building1,std,Total;OCCUPIED,96,288,25,True,True,4,120,False
88,building1,std,Total;OCCUPIED,96,288,500,False,False,4,120,False
89,building1,std,Total;OCCUPIED,96,288,500,False,True,4,120,False
90,building1,std,Total;OCCUPIED,96,288,500,True,False,4,120,False
91,building1,std,Total;OCCUPIED,96,288,500,True,True,4,120,False
92,building1,std,Total;OCCUPIED,96,288,100;50;25,False,False,4,120,False
93,building1,std,Total;OCCUPIED,96,288,100;50;25,False,True,4,120,False
94,building1,std,Total;OCCUPIED,96,288,100;50;25,True,False,4,120,False
95,building1,std,Total;OCCUPIED,96,288,100;50;25,True,True,4,120,False
96,building1,std,Total;OCCUPIED,288,5,25,False,False,4,120,False
97,building1,std,Total;OCCUPIED,288,5,25,False,True,4,120,False
98,building1,std,Total;OCCUPIED,288,5,25,True,False,4,120,False
99,building1,std,Total;OCCUPIED,288,5,25,True,True,4,120,False
100,building1,std,Total;OCCUPIED,288,5,500,False,False,4,120,False
101,building1,std,Total;OCCUPIED,288,5,500,False,True,4,120,False
102,building1,std,Total;OCCUPIED,288,5,500,True,False,4,120,False
103,building1,std,Total;OCCUPIED,288,5,500,True,True,4,120,False
104,building1,std,Total;OCCUPIED,288,5,100;50;25,False,False,4,120,False
105,building1,std,Total;OCCUPIED,288,5,100;50;25,False,True,4,120,False
106,building1,std,Total;OCCUPIED,288,5,100;50;25,True,False,4,120,False
107,building1,std,Total;OCCUPIED,288,5,100;50;25,True,True,4,120,False
108,building1,std,Total;OCCUPIED,288,30,25,False,False,4,120,False
109,building1,std,Total;OCCUPIED,288,30,25,False,True,4,120,False
110,building1,std,Total;OCCUPIED,288,30,25,True,False,4,120,False
111,building1,std,Total;OCCUPIED,288,30,25,True,True,4,120,False
112,building1,std,Total;OCCUPIED,288,30,500,False,False,4,120,False
113,building1,std,Total;OCCUPIED,288,30,500,False,True,4,120,False
114,building1,std,Total;OCCUPIED,288,30,500,True,False,4,120,False
115,building1,std,Total;OCCUPIED,288,30,500,True,True,4,120,False
116,building1,std,Total;OCCUPIED,288,30,100;50;25,False,False,4,120,False
117,building1,std,Total;OCCUPIED,288,30,100;50;25,False,True,4,120,False
118,building1,std,Total;OCCUPIED,288,30,100;50;25,True,False,4,120,False
119,building1,std,Total;OCCUPIED,288,30,100;50;25,True,True,4,120,False
120,building1,std,Total;OCCUPIED,288,96,25,False,False,4,120,False
121,building1,std,Total;OCCUPIED,288,96,25,False,True,4,120,False
122,building1,std,Total;OCCUPIED,288,96,25,True,False,4,120,False
123,building1,std,Total;OCCUPIED,288,96,25,True,True,4,120,False
124,building1,std,Total;OCCUPIED,288,96,500,False,False,4,120,False
125,building1,std,Total;OCCUPIED,288,96,500,False,True,4,120,False
126,building1,std,Total;OCCUPIED,288,96,500,True,False,4,120,False
127,building1,std,Total;OCCUPIED,288,96,500,True,True,4,120,False
128,building1,std,Total;OCCUPIED,288,96,100;50;25,False,False,4,120,False
129,building1,std,Total;OCCUPIED,288,96,100;50;25,False,True,4,120,False
130,building1,std,Total;OCCUPIED,288,96,100;50;25,True,False,4,120,False
131,building1,std,Total;OCCUPIED,288,96,100;50;25,True,True,4,120,False
132,building1,std,Total;OCCUPIED,288,288,25,False,False,4,120,False
133,building1,std,Total;OCCUPIED,288,288,25,False,True,4,120,False
134,building1,std,Total;OCCUPIED,288,288,25,True,False,4,120,False
135,building1,std,Total;OCCUPIED,288,288,25,True,True,4,120,False
136,building1,std,Total;OCCUPIED,288,288,500,False,False,4,120,False
137,building1,std,Total;OCCUPIED,288,288,500,False,True,4,120,False
138,building1,std,Total;OCCUPIED,288,288,500,True,False,4,120,False
139,building1,std,Total;OCCUPIED,288,288,500,True,True,4,120,False
140,building1,std,Total;OCCUPIED,288,288,100;50;25,False,False,4,120,False
141,building1,std,Total;OCCUPIED,288,288,100;50;25,False,True,4,120,False
142,building1,std,Total;OCCUPIED,288,288,100;50;25,True,False,4,120,False
143,building1,std,Total;OCCUPIED,288,288,100;50;25,True,True,4,120,False
144,building1,std,Total;OCCUPIED,672,5,25,False,False,4,120,False
145,building1,std,Total;OCCUPIED,672,5,25,False,True,4,120,False
146,building1,std,Total;OCCUPIED,672,5,25,True,False,4,120,False
147,building1,std,Total;OCCUPIED,672,5,25,True,True,4,120,False
148,building1,std,Total;OCCUPIED,672,5,500,False,False,4,120,False
149,building1,std,Total;OCCUPIED,672,5,500,False,True,4,120,False
150,building1,std,Total;OCCUPIED,672,5,500,True,False,4,120,False
151,building1,std,Total;OCCUPIED,672,5,500,True,True,4,120,False
152,building1,std,Total;OCCUPIED,672,5,100;50;25,False,False,4,120,False
153,building1,std,Total;OCCUPIED,672,5,100;50;25,False,True,4,120,False
154,building1,std,Total;OCCUPIED,672,5,100;50;25,True,False,4,120,False
155,building1,std,Total;OCCUPIED,672,5,100;50;25,True,True,4,120,False
156,building1,std,Total;OCCUPIED,672,30,25,False,False,4,120,False
157,building1,std,Total;OCCUPIED,672,30,25,False,True,4,120,False
158,building1,std,Total;OCCUPIED,672,30,25,True,False,4,120,False
159,building1,std,Total;OCCUPIED,672,30,25,True,True,4,120,False
160,building1,std,Total;OCCUPIED,672,30,500,False,False,4,120,False
161,building1,std,Total;OCCUPIED,672,30,500,False,True,4,120,False
162,building1,std,Total;OCCUPIED,672,30,500,True,False,4,120,False
163,building1,std,Total;OCCUPIED,672,30,500,True,True,4,120,False
164,building1,std,Total;OCCUPIED,672,30,100;50;25,False,False,4,120,False
165,building1,std,Total;OCCUPIED,672,30,100;50;25,False,True,4,120,False
166,building1,std,Total;OCCUPIED,672,30,100;50;25,True,False,4,120,False
167,building1,std,Total;OCCUPIED,672,30,100;50;25,True,True,4,120,False
168,building1,std,Total;OCCUPIED,672,96,25,False,False,4,120,False
169,building1,std,Total;OCCUPIED,672,96,25,False,True,4,120,False
170,building1,std,Total;OCCUPIED,672,96,25,True,False,4,120,False
171,building1,std,Total;OCCUPIED,672,96,25,True,True,4,120,False
172,building1,std,Total;OCCUPIED,672,96,500,False,False,4,120,False
173,building1,std,Total;OCCUPIED,672,96,500,False,True,4,120,False
174,building1,std,Total;OCCUPIED,672,96,500,True,False,4,120,False
175,building1,std,Total;OCCUPIED,672,96,500,True,True,4,120,False
176,building1,std,Total;OCCUPIED,672,96,100;50;25,False,False,4,120,False
177,building1,std,Total;OCCUPIED,672,96,100;50;25,False,True,4,120,False
178,building1,std,Total;OCCUPIED,672,96,100;50;25,True,False,4,120,False
179,building1,std,Total;OCCUPIED,672,96,100;50;25,True,True,4,120,False
180,building1,std,Total;OCCUPIED,672,288,25,False,False,4,120,False
181,building1,std,Total;OCCUPIED,672,288,25,False,True,4,120,False
182,building1,std,Total;OCCUPIED,672,288,25,True,False,4,120,False
183,building1,std,Total;OCCUPIED,672,288,25,True,True,4,120,False
184,building1,std,Total;OCCUPIED,672,288,500,False,False,4,120,False
185,building1,std,Total;OCCUPIED,672,288,500,False,True,4,120,False
186,building1,std,Total;OCCUPIED,672,288,500,True,False,4,120,False
187,building1,std,Total;OCCUPIED,672,288,500,True,True,4,120,False
188,building1,std,Total;OCCUPIED,672,288,100;50;25,False,False,4,120,False
189,building1,std,Total;OCCUPIED,672,288,100;50;25,False,True,4,120,False
190,building1,std,Total;OCCUPIED,672,288,100;50;25,True,False,4,120,False
191,building1,std,Total;OCCUPIED,672,288,100;50;25,True,True,4,120,False
192,building1,std,MinuteTimeStamp;Total;OCCUPIED,30,5,25,False,False,4,120,False
193,building1,std,MinuteTimeStamp;Total;OCCUPIED,30,5,25,False,True,4,120,False
194,building1,std,MinuteTimeStamp;Total;OCCUPIED,30,5,25,True,False,4,120,False
195,building1,std,MinuteTimeStamp;Total;OCCUPIED,30,5,25,True,True,4,120,False
196,building1,std,MinuteTimeStamp;Total;OCCUPIED,30,5,500,False,False,4,120,False
197,building1,std,MinuteTimeStamp;Total;OCCUPIED,30,5,500,False,True,4,120,False
198,building1,std,MinuteTimeStamp;Total;OCCUPIED,30,5,500,True,False,4,120,False
199,building1,std,MinuteTimeStamp;Total;OCCUPIED,30,5,500,True,True,4,120,False
200,building1,std,MinuteTimeStamp;Total;OCCUPIED,30,5,100;50;25,False,False,4,120,False
201,building1,std,MinuteTimeStamp;Total;OCCUPIED,30,5,100;50;25,False,True,4,120,False
202,building1,std,MinuteTimeStamp;Total;OCCUPIED,30,5,100;50;25,True,False,4,120,False
203,building1,std,MinuteTimeStamp;Total;OCCUPIED,30,5,100;50;25,True,True,4,120,False
204,building1,std,MinuteTimeStamp;Total;OCCUPIED,30,30,25,False,False,4,120,False
205,building1,std,MinuteTimeStamp;Total;OCCUPIED,30,30,25,False,True,4,120,False
206,building1,std,MinuteTimeStamp;Total;OCCUPIED,30,30,25,True,False,4,120,False
207,building1,std,MinuteTimeStamp;Total;OCCUPIED,30,30,25,True,True,4,120,False
208,building1,std,MinuteTimeStamp;Total;OCCUPIED,30,30,500,False,False,4,120,False
209,building1,std,MinuteTimeStamp;Total;OCCUPIED,30,30,500,False,True,4,120,False
210,building1,std,MinuteTimeStamp;Total;OCCUPIED,30,30,500,True,False,4,120,False
211,building1,std,MinuteTimeStamp;Total;OCCUPIED,30,30,500,True,True,4,120,False
212,building1,std,MinuteTimeStamp;Total;OCCUPIED,30,30,100;50;25,False,False,4,120,False
213,building1,std,MinuteTimeStamp;Total;OCCUPIED,30,30,100;50;25,False,True,4,120,False
214,building1,std,MinuteTimeStamp;Total;OCCUPIED,30,30,100;50;25,True,False,4,120,False
215,building1,std,MinuteTimeStamp;Total;OCCUPIED,30,30,100;50;25,True,True,4,120,False
216,building1,std,MinuteTimeStamp;Total;OCCUPIED,30,96,25,False,False,4,120,False
217,building1,std,MinuteTimeStamp;Total;OCCUPIED,30,96,25,False,True,4,120,False
218,building1,std,MinuteTimeStamp;Total;OCCUPIED,30,96,25,True,False,4,120,False
219,building1,std,MinuteTimeStamp;Total;OCCUPIED,30,96,25,True,True,4,120,False
220,building1,std,MinuteTimeStamp;Total;OCCUPIED,30,96,500,False,False,4,120,False
221,building1,std,MinuteTimeStamp;Total;OCCUPIED,30,96,500,False,True,4,120,False
222,building1,std,MinuteTimeStamp;Total;OCCUPIED,30,96,500,True,False,4,120,False
223,building1,std,MinuteTimeStamp;Total;OCCUPIED,30,96,500,True,True,4,120,False
224,building1,std,MinuteTimeStamp;Total;OCCUPIED,30,96,100;50;25,False,False,4,120,False
225,building1,std,MinuteTimeStamp;Total;OCCUPIED,30,96,100;50;25,False,True,4,120,False
226,building1,std,MinuteTimeStamp;Total;OCCUPIED,30,96,100;50;25,True,False,4,120,False
227,building1,std,MinuteTimeStamp;Total;OCCUPIED,30,96,100;50;25,True,True,4,120,False
228,building1,std,MinuteTimeStamp;Total;OCCUPIED,30,288,25,False,False,4,120,False
229,building1,std,MinuteTimeStamp;Total;OCCUPIED,30,288,25,False,True,4,120,False
230,building1,std,MinuteTimeStamp;Total;OCCUPIED,30,288,25,True,False,4,120,False
231,building1,std,MinuteTimeStamp;Total;OCCUPIED,30,288,25,True,True,4,120,False
232,building1,std,MinuteTimeStamp;Total;OCCUPIED,30,288,500,False,False,4,120,False
233,building1,std,MinuteTimeStamp;Total;OCCUPIED,30,288,500,False,True,4,120,False
234,building1,std,MinuteTimeStamp;Total;OCCUPIED,30,288,500,True,False,4,120,False
235,building1,std,MinuteTimeStamp;Total;OCCUPIED,30,288,500,True,True,4,120,False
236,building1,std,MinuteTimeStamp;Total;OCCUPIED,30,288,100;50;25,False,False,4,120,False
237,building1,std,MinuteTimeStamp;Total;OCCUPIED,30,288,100;50;25,False,True,4,120,False
238,building1,std,MinuteTimeStamp;Total;OCCUPIED,30,288,100;50;25,True,False,4,120,False
239,building1,std,MinuteTimeStamp;Total;OCCUPIED,30,288,100;50;25,True,True,4,120,False
240,building1,std,MinuteTimeStamp;Total;OCCUPIED,96,5,25,False,False,4,120,False
241,building1,std,MinuteTimeStamp;Total;OCCUPIED,96,5,25,False,True,4,120,False
242,building1,std,MinuteTimeStamp;Total;OCCUPIED,96,5,25,True,False,4,120,False
243,building1,std,MinuteTimeStamp;Total;OCCUPIED,96,5,25,True,True,4,120,False
244,building1,std,MinuteTimeStamp;Total;OCCUPIED,96,5,500,False,False,4,120,False
245,building1,std,MinuteTimeStamp;Total;OCCUPIED,96,5,500,False,True,4,120,False
246,building1,std,MinuteTimeStamp;Total;OCCUPIED,96,5,500,True,False,4,120,False
247,building1,std,MinuteTimeStamp;Total;OCCUPIED,96,5,500,True,True,4,120,False
248,building1,std,MinuteTimeStamp;Total;OCCUPIED,96,5,100;50;25,False,False,4,120,False
249,building1,std,MinuteTimeStamp;Total;OCCUPIED,96,5,100;50;25,False,True,4,120,False
250,building1,std,MinuteTimeStamp;Total;OCCUPIED,96,5,100;50;25,True,False,4,120,False
251,building1,std,MinuteTimeStamp;Total;OCCUPIED,96,5,100;50;25,True,True,4,120,False
252,building1,std,MinuteTimeStamp;Total;OCCUPIED,96,30,25,False,False,4,120,False
253,building1,std,MinuteTimeStamp;Total;OCCUPIED,96,30,25,False,True,4,120,False
254,building1,std,MinuteTimeStamp;Total;OCCUPIED,96,30,25,True,False,4,120,False
255,building1,std,MinuteTimeStamp;Total;OCCUPIED,96,30,25,True,True,4,120,False
256,building1,std,MinuteTimeStamp;Total;OCCUPIED,96,30,500,False,False,4,120,False
257,building1,std,MinuteTimeStamp;Total;OCCUPIED,96,30,500,False,True,4,120,False
258,building1,std,MinuteTimeStamp;Total;OCCUPIED,96,30,500,True,False,4,120,False
259,building1,std,MinuteTimeStamp;Total;OCCUPIED,96,30,500,True,True,4,120,False
260,building1,std,MinuteTimeStamp;Total;OCCUPIED,96,30,100;50;25,False,False,4,120,False
261,building1,std,MinuteTimeStamp;Total;OCCUPIED,96,30,100;50;25,False,True,4,120,False
262,building1,std,MinuteTimeStamp;Total;OCCUPIED,96,30,100;50;25,True,False,4,120,False
263,building1,std,MinuteTimeStamp;Total;OCCUPIED,96,30,100;50;25,True,True,4,120,False
264,building1,std,MinuteTimeStamp;Total;OCCUPIED,96,96,25,False,False,4,120,False
265,building1,std,MinuteTimeStamp;Total;OCCUPIED,96,96,25,False,True,4,120,False
266,building1,std,MinuteTimeStamp;Total;OCCUPIED,96,96,25,True,False,4,120,False
267,building1,std,MinuteTimeStamp;Total;OCCUPIED,96,96,25,True,True,4,120,False
268,building1,std,MinuteTimeStamp;Total;OCCUPIED,96,96,500,False,False,4,120,False
269,building1,std,MinuteTimeStamp;Total;OCCUPIED,96,96,500,False,True,4,120,False
270,building1,std,MinuteTimeStamp;Total;OCCUPIED,96,96,500,True,False,4,120,False
271,building1,std,MinuteTimeStamp;Total;OCCUPIED,96,96,500,True,True,4,120,False
272,building1,std,MinuteTimeStamp;Total;OCCUPIED,96,96,100;50;25,False,False,4,120,False
273,building1,std,MinuteTimeStamp;Total;OCCUPIED,96,96,100;50;25,False,True,4,120,False
274,building1,std,MinuteTimeStamp;Total;OCCUPIED,96,96,100;50;25,True,False,4,120,False
275,building1,std,MinuteTimeStamp;Total;OCCUPIED,96,96,100;50;25,True,True,4,120,False
276,building1,std,MinuteTimeStamp;Total;OCCUPIED,96,288,25,False,False,4,120,False
277,building1,std,MinuteTimeStamp;Total;OCCUPIED,96,288,25,False,True,4,120,False
278,building1,std,MinuteTimeStamp;Total;OCCUPIED,96,288,25,True,False,4,120,False
279,building1,std,MinuteTimeStamp;Total;OCCUPIED,96,288,25,True,True,4,120,False
280,building1,std,MinuteTimeStamp;Total;OCCUPIED,96,288,500,False,False,4,120,False
281,building1,std,MinuteTimeStamp;Total;OCCUPIED,96,288,500,False,True,4,120,False
282,building1,std,MinuteTimeStamp;Total;OCCUPIED,96,288,500,True,False,4,120,False
283,building1,std,MinuteTimeStamp;Total;OCCUPIED,96,288,500,True,True,4,120,False
284,building1,std,MinuteTimeStamp;Total;OCCUPIED,96,288,100;50;25,False,False,4,120,False
285,building1,std,MinuteTimeStamp;Total;OCCUPIED,96,288,100;50;25,False,True,4,120,False
286,building1,std,MinuteTimeStamp;Total;OCCUPIED,96,288,100;50;25,True,False,4,120,False
287,building1,std,MinuteTimeStamp;Total;OCCUPIED,96,288,100;50;25,True,True,4,120,False
288,building1,std,MinuteTimeStamp;Total;OCCUPIED,288,5,25,False,False,4,120,False
289,building1,std,MinuteTimeStamp;Total;OCCUPIED,288,5,25,False,True,4,120,False
290,building1,std,MinuteTimeStamp;Total;OCCUPIED,288,5,25,True,False,4,120,False
291,building1,std,MinuteTimeStamp;Total;OCCUPIED,288,5,25,True,True,4,120,False
292,building1,std,MinuteTimeStamp;Total;OCCUPIED,288,5,500,False,False,4,120,False
293,building1,std,MinuteTimeStamp;Total;OCCUPIED,288,5,500,False,True,4,120,False
294,building1,std,MinuteTimeStamp;Total;OCCUPIED,288,5,500,True,False,4,120,False
295,building1,std,MinuteTimeStamp;Total;OCCUPIED,288,5,500,True,True,4,120,False
296,building1,std,MinuteTimeStamp;Total;OCCUPIED,288,5,100;50;25,False,False,4,120,False
297,building1,std,MinuteTimeStamp;Total;OCCUPIED,288,5,100;50;25,False,True,4,120,False
298,building1,std,MinuteTimeStamp;Total;OCCUPIED,288,5,100;50;25,True,False,4,120,False
299,building1,std,MinuteTimeStamp;Total;OCCUPIED,288,5,100;50;25,True,True,4,120,False
300,building1,std,MinuteTimeStamp;Total;OCCUPIED,288,30,25,False,False,4,120,False
301,building1,std,MinuteTimeStamp;Total;OCCUPIED,288,30,25,False,True,4,120,False
302,building1,std,MinuteTimeStamp;Total;OCCUPIED,288,30,25,True,False,4,120,False
303,building1,std,MinuteTimeStamp;Total;OCCUPIED,288,30,25,True,True,4,120,False
304,building1,std,MinuteTimeStamp;Total;OCCUPIED,288,30,500,False,False,4,120,False
305,building1,std,MinuteTimeStamp;Total;OCCUPIED,288,30,500,False,True,4,120,False
306,building1,std,MinuteTimeStamp;Total;OCCUPIED,288,30,500,True,False,4,120,False
307,building1,std,MinuteTimeStamp;Total;OCCUPIED,288,30,500,True,True,4,120,False
308,building1,std,MinuteTimeStamp;Total;OCCUPIED,288,30,100;50;25,False,False,4,120,False
309,building1,std,MinuteTimeStamp;Total;OCCUPIED,288,30,100;50;25,False,True,4,120,False
310,building1,std,MinuteTimeStamp;Total;OCCUPIED,288,30,100;50;25,True,False,4,120,False
311,building1,std,MinuteTimeStamp;Total;OCCUPIED,288,30,100;50;25,True,True,4,120,False
312,building1,std,MinuteTimeStamp;Total;OCCUPIED,288,96,25,False,False,4,120,False
313,building1,std,MinuteTimeStamp;Total;OCCUPIED,288,96,25,False,True,4,120,False
314,building1,std,MinuteTimeStamp;Total;OCCUPIED,288,96,25,True,False,4,120,False
315,building1,std,MinuteTimeStamp;Total;OCCUPIED,288,96,25,True,True,4,120,False
316,building1,std,MinuteTimeStamp;Total;OCCUPIED,288,96,500,False,False,4,120,False
317,building1,std,MinuteTimeStamp;Total;OCCUPIED,288,96,500,False,True,4,120,False
318,building1,std,MinuteTimeStamp;Total;OCCUPIED,288,96,500,True,False,4,120,False
319,building1,std,MinuteTimeStamp;Total;OCCUPIED,288,96,500,True,True,4,120,False
320,building1,std,MinuteTimeStamp;Total;OCCUPIED,288,96,100;50;25,False,False,4,120,False
321,building1,std,MinuteTimeStamp;Total;OCCUPIED,288,96,100;50;25,False,True,4,120,False
322,building1,std,MinuteTimeStamp;Total;OCCUPIED,288,96,100;50;25,True,False,4,120,False
323,building1,std,MinuteTimeStamp;Total;OCCUPIED,288,96,100;50;25,True,True,4,120,False
324,building1,std,MinuteTimeStamp;Total;OCCUPIED,288,288,25,False,False,4,120,False
325,building1,std,MinuteTimeStamp;Total;OCCUPIED,288,288,25,False,True,4,120,False
326,building1,std,MinuteTimeStamp;Total;OCCUPIED,288,288,25,True,False,4,120,False
327,building1,std,MinuteTimeStamp;Total;OCCUPIED,288,288,25,True,True,4,120,False
328,building1,std,MinuteTimeStamp;Total;OCCUPIED,288,288,500,False,False,4,120,False
329,building1,std,MinuteTimeStamp;Total;OCCUPIED,288,288,500,False,True,4,120,False
330,building1,std,MinuteTimeStamp;Total;OCCUPIED,288,288,500,True,False,4,120,False
331,building1,std,MinuteTimeStamp;Total;OCCUPIED,288,288,500,True,True,4,120,False
332,building1,std,MinuteTimeStamp;Total;OCCUPIED,288,288,100;50;25,False,False,4,120,False
333,building1,std,MinuteTimeStamp;Total;OCCUPIED,288,288,100;50;25,False,True,4,120,False
334,building1,std,MinuteTimeStamp;Total;OCCUPIED,288,288,100;50;25,True,False,4,120,False
335,building1,std,MinuteTimeStamp;Total;OCCUPIED,288,288,100;50;25,True,True,4,120,False
336,building1,std,MinuteTimeStamp;Total;OCCUPIED,672,5,25,False,False,4,120,False
337,building1,std,MinuteTimeStamp;Total;OCCUPIED,672,5,25,False,True,4,120,False
338,building1,std,MinuteTimeStamp;Total;OCCUPIED,672,5,25,True,False,4,120,False
339,building1,std,MinuteTimeStamp;Total;OCCUPIED,672,5,25,True,True,4,120,False
340,building1,std,MinuteTimeStamp;Total;OCCUPIED,672,5,500,False,False,4,120,False
341,building1,std,MinuteTimeStamp;Total;OCCUPIED,672,5,500,False,True,4,120,False
342,building1,std,MinuteTimeStamp;Total;OCCUPIED,672,5,500,True,False,4,120,False
343,building1,std,MinuteTimeStamp;Total;OCCUPIED,672,5,500,True,True,4,120,False
344,building1,std,MinuteTimeStamp;Total;OCCUPIED,672,5,100;50;25,False,False,4,120,False
345,building1,std,MinuteTimeStamp;Total;OCCUPIED,672,5,100;50;25,False,True,4,120,False
346,building1,std,MinuteTimeStamp;Total;OCCUPIED,672,5,100;50;25,True,False,4,120,False
347,building1,std,MinuteTimeStamp;Total;OCCUPIED,672,5,100;50;25,True,True,4,120,False
348,building1,std,MinuteTimeStamp;Total;OCCUPIED,672,30,25,False,False,4,120,False
349,building1,std,MinuteTimeStamp;Total;OCCUPIED,672,30,25,False,True,4,120,False
350,building1,std,MinuteTimeStamp;Total;OCCUPIED,672,30,25,True,False,4,120,False
351,building1,std,MinuteTimeStamp;Total;OCCUPIED,672,30,25,True,True,4,120,False
352,building1,std,MinuteTimeStamp;Total;OCCUPIED,672,30,500,False,False,4,120,False
353,building1,std,MinuteTimeStamp;Total;OCCUPIED,672,30,500,False,True,4,120,False
354,building1,std,MinuteTimeStamp;Total;OCCUPIED,672,30,500,True,False,4,120,False
355,building1,std,MinuteTimeStamp;Total;OCCUPIED,672,30,500,True,True,4,120,False
356,building1,std,MinuteTimeStamp;Total;OCCUPIED,672,30,100;50;25,False,False,4,120,False
357,building1,std,MinuteTimeStamp;Total;OCCUPIED,672,30,100;50;25,False,True,4,120,False
358,building1,std,MinuteTimeStamp;Total;OCCUPIED,672,30,100;50;25,True,False,4,120,False
359,building1,std,MinuteTimeStamp;Total;OCCUPIED,672,30,100;50;25,True,True,4,120,False
360,building1,std,MinuteTimeStamp;Total;OCCUPIED,672,96,25,False,False,4,120,False
361,building1,std,MinuteTimeStamp;Total;OCCUPIED,672,96,25,False,True,4,120,False
362,building1,std,MinuteTimeStamp;Total;OCCUPIED,672,96,25,True,False,4,120,False
363,building1,std,MinuteTimeStamp;Total;OCCUPIED,672,96,25,True,True,4,120,False
364,building1,std,MinuteTimeStamp;Total;OCCUPIED,672,96,500,False,False,4,120,False
365,building1,std,MinuteTimeStamp;Total;OCCUPIED,672,96,500,False,True,4,120,False
366,building1,std,MinuteTimeStamp;Total;OCCUPIED,672,96,500,True,False,4,120,False
367,building1,std,MinuteTimeStamp;Total;OCCUPIED,672,96,500,True,True,4,120,False
368,building1,std,MinuteTimeStamp;Total;OCCUPIED,672,96,100;50;25,False,False,4,120,False
369,building1,std,MinuteTimeStamp;Total;OCCUPIED,672,96,100;50;25,False,True,4,120,False
370,building1,std,MinuteTimeStamp;Total;OCCUPIED,672,96,100;50;25,True,False,4,120,False
371,building1,std,MinuteTimeStamp;Total;OCCUPIED,672,96,100;50;25,True,True,4,120,False
372,building1,std,MinuteTimeStamp;Total;OCCUPIED,672,288,25,False,False,4,120,False
373,building1,std,MinuteTimeStamp;Total;OCCUPIED,672,288,25,False,True,4,120,False
374,building1,std,MinuteTimeStamp;Total;OCCUPIED,672,288,25,True,False,4,120,False
375,building1,std,MinuteTimeStamp;Total;OCCUPIED,672,288,25,True,True,4,120,False
376,building1,std,MinuteTimeStamp;Total;OCCUPIED,672,288,500,False,False,4,120,False
377,building1,std,MinuteTimeStamp;Total;OCCUPIED,672,288,500,False,True,4,120,False
378,building1,std,MinuteTimeStamp;Total;OCCUPIED,672,288,500,True,False,4,120,False
379,building1,std,MinuteTimeStamp;Total;OCCUPIED,672,288,500,True,True,4,120,False
380,building1,std,MinuteTimeStamp;Total;OCCUPIED,672,288,100;50;25,False,False,4,120,False
381,building1,std,MinuteTimeStamp;Total;OCCUPIED,672,288,100;50;25,False,True,4,120,False
382,building1,std,MinuteTimeStamp;Total;OCCUPIED,672,288,100;50;25,True,False,4,120,False
383,building1,std,MinuteTimeStamp;Total;OCCUPIED,672,288,100;50;25,True,True,4,120,False
384,building1,std,Weekday;Total;OCCUPIED,30,5,25,False,False,4,120,False
385,building1,std,Weekday;Total;OCCUPIED,30,5,25,False,True,4,120,False
386,building1,std,Weekday;Total;OCCUPIED,30,5,25,True,False,4,120,False
387,building1,std,Weekday;Total;OCCUPIED,30,5,25,True,True,4,120,False
388,building1,std,Weekday;Total;OCCUPIED,30,5,500,False,False,4,120,False
389,building1,std,Weekday;Total;OCCUPIED,30,5,500,False,True,4,120,False
390,building1,std,Weekday;Total;OCCUPIED,30,5,500,True,False,4,120,False
391,building1,std,Weekday;Total;OCCUPIED,30,5,500,True,True,4,120,False
392,building1,std,Weekday;Total;OCCUPIED,30,5,100;50;25,False,False,4,120,False
393,building1,std,Weekday;Total;OCCUPIED,30,5,100;50;25,False,True,4,120,False
394,building1,std,Weekday;Total;OCCUPIED,30,5,100;50;25,True,False,4,120,False
395,building1,std,Weekday;Total;OCCUPIED,30,5,100;50;25,True,True,4,120,False
396,building1,std,Weekday;Total;OCCUPIED,30,30,25,False,False,4,120,False
397,building1,std,Weekday;Total;OCCUPIED,30,30,25,False,True,4,120,False
398,building1,std,Weekday;Total;OCCUPIED,30,30,25,True,False,4,120,False
399,building1,std,Weekday;Total;OCCUPIED,30,30,25,True,True,4,120,False
400,building1,std,Weekday;Total;OCCUPIED,30,30,500,False,False,4,120,False
401,building1,std,Weekday;Total;OCCUPIED,30,30,500,False,True,4,120,False
402,building1,std,Weekday;Total;OCCUPIED,30,30,500,True,False,4,120,False
403,building1,std,Weekday;Total;OCCUPIED,30,30,500,True,True,4,120,False
404,building1,std,Weekday;Total;OCCUPIED,30,30,100;50;25,False,False,4,120,False
405,building1,std,Weekday;Total;OCCUPIED,30,30,100;50;25,False,True,4,120,False
406,building1,std,Weekday;Total;OCCUPIED,30,30,100;50;25,True,False,4,120,False
407,building1,std,Weekday;Total;OCCUPIED,30,30,100;50;25,True,True,4,120,False
408,building1,std,Weekday;Total;OCCUPIED,30,96,25,False,False,4,120,False
409,building1,std,Weekday;Total;OCCUPIED,30,96,25,False,True,4,120,False
410,building1,std,Weekday;Total;OCCUPIED,30,96,25,True,False,4,120,False
411,building1,std,Weekday;Total;OCCUPIED,30,96,25,True,True,4,120,False
412,building1,std,Weekday;Total;OCCUPIED,30,96,500,False,False,4,120,False
413,building1,std,Weekday;Total;OCCUPIED,30,96,500,False,True,4,120,False
414,building1,std,Weekday;Total;OCCUPIED,30,96,500,True,False,4,120,False
415,building1,std,Weekday;Total;OCCUPIED,30,96,500,True,True,4,120,False
416,building1,std,Weekday;Total;OCCUPIED,30,96,100;50;25,False,False,4,120,False
417,building1,std,Weekday;Total;OCCUPIED,30,96,100;50;25,False,True,4,120,False
418,building1,std,Weekday;Total;OCCUPIED,30,96,100;50;25,True,False,4,120,False
419,building1,std,Weekday;Total;OCCUPIED,30,96,100;50;25,True,True,4,120,False
420,building1,std,Weekday;Total;OCCUPIED,30,288,25,False,False,4,120,False
421,building1,std,Weekday;Total;OCCUPIED,30,288,25,False,True,4,120,False
422,building1,std,Weekday;Total;OCCUPIED,30,288,25,True,False,4,120,False
423,building1,std,Weekday;Total;OCCUPIED,30,288,25,True,True,4,120,False
424,building1,std,Weekday;Total;OCCUPIED,30,288,500,False,False,4,120,False
425,building1,std,Weekday;Total;OCCUPIED,30,288,500,False,True,4,120,False
426,building1,std,Weekday;Total;OCCUPIED,30,288,500,True,False,4,120,False
427,building1,std,Weekday;Total;OCCUPIED,30,288,500,True,True,4,120,False
428,building1,std,Weekday;Total;OCCUPIED,30,288,100;50;25,False,False,4,120,False
429,building1,std,Weekday;Total;OCCUPIED,30,288,100;50;25,False,True,4,120,False
430,building1,std,Weekday;Total;OCCUPIED,30,288,100;50;25,True,False,4,120,False
431,building1,std,Weekday;Total;OCCUPIED,30,288,100;50;25,True,True,4,120,False
432,building1,std,Weekday;Total;OCCUPIED,96,5,25,False,False,4,120,False
433,building1,std,Weekday;Total;OCCUPIED,96,5,25,False,True,4,120,False
434,building1,std,Weekday;Total;OCCUPIED,96,5,25,True,False,4,120,False
435,building1,std,Weekday;Total;OCCUPIED,96,5,25,True,True,4,120,False
436,building1,std,Weekday;Total;OCCUPIED,96,5,500,False,False,4,120,False
437,building1,std,Weekday;Total;OCCUPIED,96,5,500,False,True,4,120,False
438,building1,std,Weekday;Total;OCCUPIED,96,5,500,True,False,4,120,False
439,building1,std,Weekday;Total;OCCUPIED,96,5,500,True,True,4,120,False
440,building1,std,Weekday;Total;OCCUPIED,96,5,100;50;25,False,False,4,120,False
441,building1,std,Weekday;Total;OCCUPIED,96,5,100;50;25,False,True,4,120,False
442,building1,std,Weekday;Total;OCCUPIED,96,5,100;50;25,True,False,4,120,False
443,building1,std,Weekday;Total;OCCUPIED,96,5,100;50;25,True,True,4,120,False
444,building1,std,Weekday;Total;OCCUPIED,96,30,25,False,False,4,120,False
445,building1,std,Weekday;Total;OCCUPIED,96,30,25,False,True,4,120,False
446,building1,std,Weekday;Total;OCCUPIED,96,30,25,True,False,4,120,False
447,building1,std,Weekday;Total;OCCUPIED,96,30,25,True,True,4,120,False
448,building1,std,Weekday;Total;OCCUPIED,96,30,500,False,False,4,120,False
449,building1,std,Weekday;Total;OCCUPIED,96,30,500,False,True,4,120,False
450,building1,std,Weekday;Total;OCCUPIED,96,30,500,True,False,4,120,False
451,building1,std,Weekday;Total;OCCUPIED,96,30,500,True,True,4,120,False
452,building1,std,Weekday;Total;OCCUPIED,96,30,100;50;25,False,False,4,120,False
453,building1,std,Weekday;Total;OCCUPIED,96,30,100;50;25,False,True,4,120,False
454,building1,std,Weekday;Total;OCCUPIED,96,30,100;50;25,True,False,4,120,False
455,building1,std,Weekday;Total;OCCUPIED,96,30,100;50;25,True,True,4,120,False
456,building1,std,Weekday;Total;OCCUPIED,96,96,25,False,False,4,120,False
457,building1,std,Weekday;Total;OCCUPIED,96,96,25,False,True,4,120,False
458,building1,std,Weekday;Total;OCCUPIED,96,96,25,True,False,4,120,False
459,building1,std,Weekday;Total;OCCUPIED,96,96,25,True,True,4,120,False
460,building1,std,Weekday;Total;OCCUPIED,96,96,500,False,False,4,120,False
461,building1,std,Weekday;Total;OCCUPIED,96,96,500,False,True,4,120,False
462,building1,std,Weekday;Total;OCCUPIED,96,96,500,True,False,4,120,False
463,building1,std,Weekday;Total;OCCUPIED,96,96,500,True,True,4,120,False
464,building1,std,Weekday;Total;OCCUPIED,96,96,100;50;25,False,False,4,120,False
465,building1,std,Weekday;Total;OCCUPIED,96,96,100;50;25,False,True,4,120,False
466,building1,std,Weekday;Total;OCCUPIED,96,96,100;50;25,True,False,4,120,False
467,building1,std,Weekday;Total;OCCUPIED,96,96,100;50;25,True,True,4,120,False
468,building1,std,Weekday;Total;OCCUPIED,96,288,25,False,False,4,120,False
469,building1,std,Weekday;Total;OCCUPIED,96,288,25,False,True,4,120,False
470,building1,std,Weekday;Total;OCCUPIED,96,288,25,True,False,4,120,False
471,building1,std,Weekday;Total;OCCUPIED,96,288,25,True,True,4,120,False
472,building1,std,Weekday;Total;OCCUPIED,96,288,500,False,False,4,120,False
473,building1,std,Weekday;Total;OCCUPIED,96,288,500,False,True,4,120,False
474,building1,std,Weekday;Total;OCCUPIED,96,288,500,True,False,4,120,False
475,building1,std,Weekday;Total;OCCUPIED,96,288,500,True,True,4,120,False
476,building1,std,Weekday;Total;OCCUPIED,96,288,100;50;25,False,False,4,120,False
477,building1,std,Weekday;Total;OCCUPIED,96,288,100;50;25,False,True,4,120,False
478,building1,std,Weekday;Total;OCCUPIED,96,288,100;50;25,True,False,4,120,False
479,building1,std,Weekday;Total;OCCUPIED,96,288,100;50;25,True,True,4,120,False
480,building1,std,Weekday;Total;OCCUPIED,288,5,25,False,False,4,120,False
481,building1,std,Weekday;Total;OCCUPIED,288,5,25,False,True,4,120,False
482,building1,std,Weekday;Total;OCCUPIED,288,5,25,True,False,4,120,False
483,building1,std,Weekday;Total;OCCUPIED,288,5,25,True,True,4,120,False
484,building1,std,Weekday;Total;OCCUPIED,288,5,500,False,False,4,120,False
485,building1,std,Weekday;Total;OCCUPIED,288,5,500,False,True,4,120,False
486,building1,std,Weekday;Total;OCCUPIED,288,5,500,True,False,4,120,False
487,building1,std,Weekday;Total;OCCUPIED,288,5,500,True,True,4,120,False
488,building1,std,Weekday;Total;OCCUPIED,288,5,100;50;25,False,False,4,120,False
489,building1,std,Weekday;Total;OCCUPIED,288,5,100;50;25,False,True,4,120,False
490,building1,std,Weekday;Total;OCCUPIED,288,5,100;50;25,True,False,4,120,False
491,building1,std,Weekday;Total;OCCUPIED,288,5,100;50;25,True,True,4,120,False
492,building1,std,Weekday;Total;OCCUPIED,288,30,25,False,False,4,120,False
493,building1,std,Weekday;Total;OCCUPIED,288,30,25,False,True,4,120,False
494,building1,std,Weekday;Total;OCCUPIED,288,30,25,True,False,4,120,False
495,building1,std,Weekday;Total;OCCUPIED,288,30,25,True,True,4,120,False
496,building1,std,Weekday;Total;OCCUPIED,288,30,500,False,False,4,120,False
497,building1,std,Weekday;Total;OCCUPIED,288,30,500,False,True,4,120,False
498,building1,std,Weekday;Total;OCCUPIED,288,30,500,True,False,4,120,False
499,building1,std,Weekday;Total;OCCUPIED,288,30,500,True,True,4,120,False
500,building1,std,Weekday;Total;OCCUPIED,288,30,100;50;25,False,False,4,120,False
501,building1,std,Weekday;Total;OCCUPIED,288,30,100;50;25,False,True,4,120,False
502,building1,std,Weekday;Total;OCCUPIED,288,30,100;50;25,True,False,4,120,False
503,building1,std,Weekday;Total;OCCUPIED,288,30,100;50;25,True,True,4,120,False
504,building1,std,Weekday;Total;OCCUPIED,288,96,25,False,False,4,120,False
505,building1,std,Weekday;Total;OCCUPIED,288,96,25,False,True,4,120,False
506,building1,std,Weekday;Total;OCCUPIED,288,96,25,True,False,4,120,False
507,building1,std,Weekday;Total;OCCUPIED,288,96,25,True,True,4,120,False
508,building1,std,Weekday;Total;OCCUPIED,288,96,500,False,False,4,120,False
509,building1,std,Weekday;Total;OCCUPIED,288,96,500,False,True,4,120,False
510,building1,std,Weekday;Total;OCCUPIED,288,96,500,True,False,4,120,False
511,building1,std,Weekday;Total;OCCUPIED,288,96,500,True,True,4,120,False
512,building1,std,Weekday;Total;OCCUPIED,288,96,100;50;25,False,False,4,120,False
513,building1,std,Weekday;Total;OCCUPIED,288,96,100;50;25,False,True,4,120,False
514,building1,std,Weekday;Total;OCCUPIED,288,96,100;50;25,True,False,4,120,False
515,building1,std,Weekday;Total;OCCUPIED,288,96,100;50;25,True,True,4,120,False
516,building1,std,Weekday;Total;OCCUPIED,288,288,25,False,False,4,120,False
517,building1,std,Weekday;Total;OCCUPIED,288,288,25,False,True,4,120,False
518,building1,std,Weekday;Total;OCCUPIED,288,288,25,True,False,4,120,False
519,building1,std,Weekday;Total;OCCUPIED,288,288,25,True,True,4,120,False
520,building1,std,Weekday;Total;OCCUPIED,288,288,500,False,False,4,120,False
521,building1,std,Weekday;Total;OCCUPIED,288,288,500,False,True,4,120,False
522,building1,std,Weekday;Total;OCCUPIED,288,288,500,True,False,4,120,False
523,building1,std,Weekday;Total;OCCUPIED,288,288,500,True,True,4,120,False
524,building1,std,Weekday;Total;OCCUPIED,288,288,100;50;25,False,False,4,120,False
525,building1,std,Weekday;Total;OCCUPIED,288,288,100;50;25,False,True,4,120,False
526,building1,std,Weekday;Total;OCCUPIED,288,288,100;50;25,True,False,4,120,False
527,building1,std,Weekday;Total;OCCUPIED,288,288,100;50;25,True,True,4,120,False
528,building1,std,Weekday;Total;OCCUPIED,672,5,25,False,False,4,120,False
529,building1,std,Weekday;Total;OCCUPIED,672,5,25,False,True,4,120,False
530,building1,std,Weekday;Total;OCCUPIED,672,5,25,True,False,4,120,False
531,building1,std,Weekday;Total;OCCUPIED,672,5,25,True,True,4,120,False
532,building1,std,Weekday;Total;OCCUPIED,672,5,500,False,False,4,120,False
533,building1,std,Weekday;Total;OCCUPIED,672,5,500,False,True,4,120,False
534,building1,std,Weekday;Total;OCCUPIED,672,5,500,True,False,4,120,False
535,building1,std,Weekday;Total;OCCUPIED,672,5,500,True,True,4,120,False
536,building1,std,Weekday;Total;OCCUPIED,672,5,100;50;25,False,False,4,120,False
537,building1,std,Weekday;Total;OCCUPIED,672,5,100;50;25,False,True,4,120,False
538,building1,std,Weekday;Total;OCCUPIED,672,5,100;50;25,True,False,4,120,False
539,building1,std,Weekday;Total;OCCUPIED,672,5,100;50;25,True,True,4,120,False
540,building1,std,Weekday;Total;OCCUPIED,672,30,25,False,False,4,120,False
541,building1,std,Weekday;Total;OCCUPIED,672,30,25,False,True,4,120,False
542,building1,std,Weekday;Total;OCCUPIED,672,30,25,True,False,4,120,False
543,building1,std,Weekday;Total;OCCUPIED,672,30,25,True,True,4,120,False
544,building1,std,Weekday;Total;OCCUPIED,672,30,500,False,False,4,120,False
545,building1,std,Weekday;Total;OCCUPIED,672,30,500,False,True,4,120,False
546,building1,std,Weekday;Total;OCCUPIED,672,30,500,True,False,4,120,False
547,building1,std,Weekday;Total;OCCUPIED,672,30,500,True,True,4,120,False
548,building1,std,Weekday;Total;OCCUPIED,672,30,100;50;25,False,False,4,120,False
549,building1,std,Weekday;Total;OCCUPIED,672,30,100;50;25,False,True,4,120,False
550,building1,std,Weekday;Total;OCCUPIED,672,30,100;50;25,True,False,4,120,False
551,building1,std,Weekday;Total;OCCUPIED,672,30,100;50;25,True,True,4,120,False
552,building1,std,Weekday;Total;OCCUPIED,672,96,25,False,False,4,120,False
553,building1,std,Weekday;Total;OCCUPIED,672,96,25,False,True,4,120,False
554,building1,std,Weekday;Total;OCCUPIED,672,96,25,True,False,4,120,False
555,building1,std,Weekday;Total;OCCUPIED,672,96,25,True,True,4,120,False
556,building1,std,Weekday;Total;OCCUPIED,672,96,500,False,False,4,120,False
557,building1,std,Weekday;Total;OCCUPIED,672,96,500,False,True,4,120,False
558,building1,std,Weekday;Total;OCCUPIED,672,96,500,True,False,4,120,False
559,building1,std,Weekday;Total;OCCUPIED,672,96,500,True,True,4,120,False
560,building1,std,Weekday;Total;OCCUPIED,672,96,100;50;25,False,False,4,120,False
561,building1,std,Weekday;Total;OCCUPIED,672,96,100;50;25,False,True,4,120,False
562,building1,std,Weekday;Total;OCCUPIED,672,96,100;50;25,True,False,4,120,False
563,building1,std,Weekday;Total;OCCUPIED,672,96,100;50;25,True,True,4,120,False
564,building1,std,Weekday;Total;OCCUPIED,672,288,25,False,False,4,120,False
565,building1,std,Weekday;Total;OCCUPIED,672,288,25,False,True,4,120,False
566,building1,std,Weekday;Total;OCCUPIED,672,288,25,True,False,4,120,False
567,building1,std,Weekday;Total;OCCUPIED,672,288,25,True,True,4,120,False
568,building1,std,Weekday;Total;OCCUPIED,672,288,500,False,False,4,120,False
569,building1,std,Weekday;Total;OCCUPIED,672,288,500,False,True,4,120,False
570,building1,std,Weekday;Total;OCCUPIED,672,288,500,True,False,4,120,False
571,building1,std,Weekday;Total;OCCUPIED,672,288,500,True,True,4,120,False
572,building1,std,Weekday;Total;OCCUPIED,672,288,100;50;25,False,False,4,120,False
573,building1,std,Weekday;Total;OCCUPIED,672,288,100;50;25,False,True,4,120,False
574,building1,std,Weekday;Total;OCCUPIED,672,288,100;50;25,True,False,4,120,False
575,building1,std,Weekday;Total;OCCUPIED,672,288,100;50;25,True,True,4,120,False
576,building1,std,Season;Total;OCCUPIED,30,5,25,False,False,4,120,False
577,building1,std,Season;Total;OCCUPIED,30,5,25,False,True,4,120,False
578,building1,std,Season;Total;OCCUPIED,30,5,25,True,False,4,120,False
579,building1,std,Season;Total;OCCUPIED,30,5,25,True,True,4,120,False
580,building1,std,Season;Total;OCCUPIED,30,5,500,False,False,4,120,False
581,building1,std,Season;Total;OCCUPIED,30,5,500,False,True,4,120,False
582,building1,std,Season;Total;OCCUPIED,30,5,500,True,False,4,120,False
583,building1,std,Season;Total;OCCUPIED,30,5,500,True,True,4,120,False
584,building1,std,Season;Total;OCCUPIED,30,5,100;50;25,False,False,4,120,False
585,building1,std,Season;Total;OCCUPIED,30,5,100;50;25,False,True,4,120,False
586,building1,std,Season;Total;OCCUPIED,30,5,100;50;25,True,False,4,120,False
587,building1,std,Season;Total;OCCUPIED,30,5,100;50;25,True,True,4,120,False
588,building1,std,Season;Total;OCCUPIED,30,30,25,False,False,4,120,False
589,building1,std,Season;Total;OCCUPIED,30,30,25,False,True,4,120,False
590,building1,std,Season;Total;OCCUPIED,30,30,25,True,False,4,120,False
591,building1,std,Season;Total;OCCUPIED,30,30,25,True,True,4,120,False
592,building1,std,Season;Total;OCCUPIED,30,30,500,False,False,4,120,False
593,building1,std,Season;Total;OCCUPIED,30,30,500,False,True,4,120,False
594,building1,std,Season;Total;OCCUPIED,30,30,500,True,False,4,120,False
595,building1,std,Season;Total;OCCUPIED,30,30,500,True,True,4,120,False
596,building1,std,Season;Total;OCCUPIED,30,30,100;50;25,False,False,4,120,False
597,building1,std,Season;Total;OCCUPIED,30,30,100;50;25,False,True,4,120,False
598,building1,std,Season;Total;OCCUPIED,30,30,100;50;25,True,False,4,120,False
599,building1,std,Season;Total;OCCUPIED,30,30,100;50;25,True,True,4,120,False
600,building1,std,Season;Total;OCCUPIED,30,96,25,False,False,4,120,False
601,building1,std,Season;Total;OCCUPIED,30,96,25,False,True,4,120,False
602,building1,std,Season;Total;OCCUPIED,30,96,25,True,False,4,120,False
603,building1,std,Season;Total;OCCUPIED,30,96,25,True,True,4,120,False
604,building1,std,Season;Total;OCCUPIED,30,96,500,False,False,4,120,False
605,building1,std,Season;Total;OCCUPIED,30,96,500,False,True,4,120,False
606,building1,std,Season;Total;OCCUPIED,30,96,500,True,False,4,120,False
607,building1,std,Season;Total;OCCUPIED,30,96,500,True,True,4,120,False
608,building1,std,Season;Total;OCCUPIED,30,96,100;50;25,False,False,4,120,False
609,building1,std,Season;Total;OCCUPIED,30,96,100;50;25,False,True,4,120,False
610,building1,std,Season;Total;OCCUPIED,30,96,100;50;25,True,False,4,120,False
611,building1,std,Season;Total;OCCUPIED,30,96,100;50;25,True,True,4,120,False
612,building1,std,Season;Total;OCCUPIED,30,288,25,False,False,4,120,False
613,building1,std,Season;Total;OCCUPIED,30,288,25,False,True,4,120,False
614,building1,std,Season;Total;OCCUPIED,30,288,25,True,False,4,120,False
615,building1,std,Season;Total;OCCUPIED,30,288,25,True,True,4,120,False
616,building1,std,Season;Total;OCCUPIED,30,288,500,False,False,4,120,False
617,building1,std,Season;Total;OCCUPIED,30,288,500,False,True,4,120,False
618,building1,std,Season;Total;OCCUPIED,30,288,500,True,False,4,120,False
619,building1,std,Season;Total;OCCUPIED,30,288,500,True,True,4,120,False
620,building1,std,Season;Total;OCCUPIED,30,288,100;50;25,False,False,4,120,False
621,building1,std,Season;Total;OCCUPIED,30,288,100;50;25,False,True,4,120,False
622,building1,std,Season;Total;OCCUPIED,30,288,100;50;25,True,False,4,120,False
623,building1,std,Season;Total;OCCUPIED,30,288,100;50;25,True,True,4,120,False
624,building1,std,Season;Total;OCCUPIED,96,5,25,False,False,4,120,False
625,building1,std,Season;Total;OCCUPIED,96,5,25,False,True,4,120,False
626,building1,std,Season;Total;OCCUPIED,96,5,25,True,False,4,120,False
627,building1,std,Season;Total;OCCUPIED,96,5,25,True,True,4,120,False
628,building1,std,Season;Total;OCCUPIED,96,5,500,False,False,4,120,False
629,building1,std,Season;Total;OCCUPIED,96,5,500,False,True,4,120,False
630,building1,std,Season;Total;OCCUPIED,96,5,500,True,False,4,120,False
631,building1,std,Season;Total;OCCUPIED,96,5,500,True,True,4,120,False
632,building1,std,Season;Total;OCCUPIED,96,5,100;50;25,False,False,4,120,False
633,building1,std,Season;Total;OCCUPIED,96,5,100;50;25,False,True,4,120,False
634,building1,std,Season;Total;OCCUPIED,96,5,100;50;25,True,False,4,120,False
635,building1,std,Season;Total;OCCUPIED,96,5,100;50;25,True,True,4,120,False
636,building1,std,Season;Total;OCCUPIED,96,30,25,False,False,4,120,False
637,building1,std,Season;Total;OCCUPIED,96,30,25,False,True,4,120,False
638,building1,std,Season;Total;OCCUPIED,96,30,25,True,False,4,120,False
639,building1,std,Season;Total;OCCUPIED,96,30,25,True,True,4,120,False
640,building1,std,Season;Total;OCCUPIED,96,30,500,False,False,4,120,False
641,building1,std,Season;Total;OCCUPIED,96,30,500,False,True,4,120,False
642,building1,std,Season;Total;OCCUPIED,96,30,500,True,False,4,120,False
643,building1,std,Season;Total;OCCUPIED,96,30,500,True,True,4,120,False
644,building1,std,Season;Total;OCCUPIED,96,30,100;50;25,False,False,4,120,False
645,building1,std,Season;Total;OCCUPIED,96,30,100;50;25,False,True,4,120,False
646,building1,std,Season;Total;OCCUPIED,96,30,100;50;25,True,False,4,120,False
647,building1,std,Season;Total;OCCUPIED,96,30,100;50;25,True,True,4,120,False
648,building1,std,Season;Total;OCCUPIED,96,96,25,False,False,4,120,False
649,building1,std,Season;Total;OCCUPIED,96,96,25,False,True,4,120,False
650,building1,std,Season;Total;OCCUPIED,96,96,25,True,False,4,120,False
651,building1,std,Season;Total;OCCUPIED,96,96,25,True,True,4,120,False
652,building1,std,Season;Total;OCCUPIED,96,96,500,False,False,4,120,False
653,building1,std,Season;Total;OCCUPIED,96,96,500,False,True,4,120,False
654,building1,std,Season;Total;OCCUPIED,96,96,500,True,False,4,120,False
655,building1,std,Season;Total;OCCUPIED,96,96,500,True,True,4,120,False
656,building1,std,Season;Total;OCCUPIED,96,96,100;50;25,False,False,4,120,False
657,building1,std,Season;Total;OCCUPIED,96,96,100;50;25,False,True,4,120,False
658,building1,std,Season;Total;OCCUPIED,96,96,100;50;25,True,False,4,120,False
659,building1,std,Season;Total;OCCUPIED,96,96,100;50;25,True,True,4,120,False
660,building1,std,Season;Total;OCCUPIED,96,288,25,False,False,4,120,False
661,building1,std,Season;Total;OCCUPIED,96,288,25,False,True,4,120,False
662,building1,std,Season;Total;OCCUPIED,96,288,25,True,False,4,120,False
663,building1,std,Season;Total;OCCUPIED,96,288,25,True,True,4,120,False
664,building1,std,Season;Total;OCCUPIED,96,288,500,False,False,4,120,False
665,building1,std,Season;Total;OCCUPIED,96,288,500,False,True,4,120,False
666,building1,std,Season;Total;OCCUPIED,96,288,500,True,False,4,120,False
667,building1,std,Season;Total;OCCUPIED,96,288,500,True,True,4,120,False
668,building1,std,Season;Total;OCCUPIED,96,288,100;50;25,False,False,4,120,False
669,building1,std,Season;Total;OCCUPIED,96,288,100;50;25,False,True,4,120,False
670,building1,std,Season;Total;OCCUPIED,96,288,100;50;25,True,False,4,120,False
671,building1,std,Season;Total;OCCUPIED,96,288,100;50;25,True,True,4,120,False
672,building1,std,Season;Total;OCCUPIED,288,5,25,False,False,4,120,False
673,building1,std,Season;Total;OCCUPIED,288,5,25,False,True,4,120,False
674,building1,std,Season;Total;OCCUPIED,288,5,25,True,False,4,120,False
675,building1,std,Season;Total;OCCUPIED,288,5,25,True,True,4,120,False
676,building1,std,Season;Total;OCCUPIED,288,5,500,False,False,4,120,False
677,building1,std,Season;Total;OCCUPIED,288,5,500,False,True,4,120,False
678,building1,std,Season;Total;OCCUPIED,288,5,500,True,False,4,120,False
679,building1,std,Season;Total;OCCUPIED,288,5,500,True,True,4,120,False
680,building1,std,Season;Total;OCCUPIED,288,5,100;50;25,False,False,4,120,False
681,building1,std,Season;Total;OCCUPIED,288,5,100;50;25,False,True,4,120,False
682,building1,std,Season;Total;OCCUPIED,288,5,100;50;25,True,False,4,120,False
683,building1,std,Season;Total;OCCUPIED,288,5,100;50;25,True,True,4,120,False
684,building1,std,Season;Total;OCCUPIED,288,30,25,False,False,4,120,False
685,building1,std,Season;Total;OCCUPIED,288,30,25,False,True,4,120,False
686,building1,std,Season;Total;OCCUPIED,288,30,25,True,False,4,120,False
687,building1,std,Season;Total;OCCUPIED,288,30,25,True,True,4,120,False
688,building1,std,Season;Total;OCCUPIED,288,30,500,False,False,4,120,False
689,building1,std,Season;Total;OCCUPIED,288,30,500,False,True,4,120,False
690,building1,std,Season;Total;OCCUPIED,288,30,500,True,False,4,120,False
691,building1,std,Season;Total;OCCUPIED,288,30,500,True,True,4,120,False
692,building1,std,Season;Total;OCCUPIED,288,30,100;50;25,False,False,4,120,False
693,building1,std,Season;Total;OCCUPIED,288,30,100;50;25,False,True,4,120,False
694,building1,std,Season;Total;OCCUPIED,288,30,100;50;25,True,False,4,120,False
695,building1,std,Season;Total;OCCUPIED,288,30,100;50;25,True,True,4,120,False
696,building1,std,Season;Total;OCCUPIED,288,96,25,False,False,4,120,False
697,building1,std,Season;Total;OCCUPIED,288,96,25,False,True,4,120,False
698,building1,std,Season;Total;OCCUPIED,288,96,25,True,False,4,120,False
699,building1,std,Season;Total;OCCUPIED,288,96,25,True,True,4,120,False
700,building1,std,Season;Total;OCCUPIED,288,96,500,False,False,4,120,False
701,building1,std,Season;Total;OCCUPIED,288,96,500,False,True,4,120,False
702,building1,std,Season;Total;OCCUPIED,288,96,500,True,False,4,120,False
703,building1,std,Season;Total;OCCUPIED,288,96,500,True,True,4,120,False
704,building1,std,Season;Total;OCCUPIED,288,96,100;50;25,False,False,4,120,False
705,building1,std,Season;Total;OCCUPIED,288,96,100;50;25,False,True,4,120,False
706,building1,std,Season;Total;OCCUPIED,288,96,100;50;25,True,False,4,120,False
707,building1,std,Season;Total;OCCUPIED,288,96,100;50;25,True,True,4,120,False
708,building1,std,Season;Total;OCCUPIED,288,288,25,False,False,4,120,False
709,building1,std,Season;Total;OCCUPIED,288,288,25,False,True,4,120,False
710,building1,std,Season;Total;OCCUPIED,288,288,25,True,False,4,120,False
711,building1,std,Season;Total;OCCUPIED,288,288,25,True,True,4,120,False
712,building1,std,Season;Total;OCCUPIED,288,288,500,False,False,4,120,False
713,building1,std,Season;Total;OCCUPIED,288,288,500,False,True,4,120,False
714,building1,std,Season;Total;OCCUPIED,288,288,500,True,False,4,120,False
715,building1,std,Season;Total;OCCUPIED,288,288,500,True,True,4,120,False
716,building1,std,Season;Total;OCCUPIED,288,288,100;50;25,False,False,4,120,False
717,building1,std,Season;Total;OCCUPIED,288,288,100;50;25,False,True,4,120,False
718,building1,std,Season;Total;OCCUPIED,288,288,100;50;25,True,False,4,120,False
719,building1,std,Season;Total;OCCUPIED,288,288,100;50;25,True,True,4,120,False
720,building1,std,Season;Total;OCCUPIED,672,5,25,False,False,4,120,False
721,building1,std,Season;Total;OCCUPIED,672,5,25,False,True,4,120,False
722,building1,std,Season;Total;OCCUPIED,672,5,25,True,False,4,120,False
723,building1,std,Season;Total;OCCUPIED,672,5,25,True,True,4,120,False
724,building1,std,Season;Total;OCCUPIED,672,5,500,False,False,4,120,False
725,building1,std,Season;Total;OCCUPIED,672,5,500,False,True,4,120,False
726,building1,std,Season;Total;OCCUPIED,672,5,500,True,False,4,120,False
727,building1,std,Season;Total;OCCUPIED,672,5,500,True,True,4,120,False
728,building1,std,Season;Total;OCCUPIED,672,5,100;50;25,False,False,4,120,False
729,building1,std,Season;Total;OCCUPIED,672,5,100;50;25,False,True,4,120,False
730,building1,std,Season;Total;OCCUPIED,672,5,100;50;25,True,False,4,120,False
731,building1,std,Season;Total;OCCUPIED,672,5,100;50;25,True,True,4,120,False
732,building1,std,Season;Total;OCCUPIED,672,30,25,False,False,4,120,False
733,building1,std,Season;Total;OCCUPIED,672,30,25,False,True,4,120,False
734,building1,std,Season;Total;OCCUPIED,672,30,25,True,False,4,120,False
735,building1,std,Season;Total;OCCUPIED,672,30,25,True,True,4,120,False
736,building1,std,Season;Total;OCCUPIED,672,30,500,False,False,4,120,False
737,building1,std,Season;Total;OCCUPIED,672,30,500,False,True,4,120,False
738,building1,std,Season;Total;OCCUPIED,672,30,500,True,False,4,120,False
739,building1,std,Season;Total;OCCUPIED,672,30,500,True,True,4,120,False
740,building1,std,Season;Total;OCCUPIED,672,30,100;50;25,False,False,4,120,False
741,building1,std,Season;Total;OCCUPIED,672,30,100;50;25,False,True,4,120,False
742,building1,std,Season;Total;OCCUPIED,672,30,100;50;25,True,False,4,120,False
743,building1,std,Season;Total;OCCUPIED,672,30,100;50;25,True,True,4,120,False
744,building1,std,Season;Total;OCCUPIED,672,96,25,False,False,4,120,False
745,building1,std,Season;Total;OCCUPIED,672,96,25,False,True,4,120,False
746,building1,std,Season;Total;OCCUPIED,672,96,25,True,False,4,120,False
747,building1,std,Season;Total;OCCUPIED,672,96,25,True,True,4,120,False
748,building1,std,Season;Total;OCCUPIED,672,96,500,False,False,4,120,False
749,building1,std,Season;Total;OCCUPIED,672,96,500,False,True,4,120,False
750,building1,std,Season;Total;OCCUPIED,672,96,500,True,False,4,120,False
751,building1,std,Season;Total;OCCUPIED,672,96,500,True,True,4,120,False
752,building1,std,Season;Total;OCCUPIED,672,96,100;50;25,False,False,4,120,False
753,building1,std,Season;Total;OCCUPIED,672,96,100;50;25,False,True,4,120,False
754,building1,std,Season;Total;OCCUPIED,672,96,100;50;25,True,False,4,120,False
755,building1,std,Season;Total;OCCUPIED,672,96,100;50;25,True,True,4,120,False
756,building1,std,Season;Total;OCCUPIED,672,288,25,False,False,4,120,False
757,building1,std,Season;Total;OCCUPIED,672,288,25,False,True,4,120,False
758,building1,std,Season;Total;OCCUPIED,672,288,25,True,False,4,120,False
759,building1,std,Season;Total;OCCUPIED,672,288,25,True,True,4,120,False
760,building1,std,Season;Total;OCCUPIED,672,288,500,False,False,4,120,False
761,building1,std,Season;Total;OCCUPIED,672,288,500,False,True,4,120,False
762,building1,std,Season;Total;OCCUPIED,672,288,500,True,False,4,120,False
763,building1,std,Season;Total;OCCUPIED,672,288,500,True,True,4,120,False
764,building1,std,Season;Total;OCCUPIED,672,288,100;50;25,False,False,4,120,False
765,building1,std,Season;Total;OCCUPIED,672,288,100;50;25,False,True,4,120,False
766,building1,std,Season;Total;OCCUPIED,672,288,100;50;25,True,False,4,120,False
767,building1,std,Season;Total;OCCUPIED,672,288,100;50;25,True,True,4,120,False
768,building1,std,Weekday;Season;Total;OCCUPIED,30,5,25,False,False,4,120,False
769,building1,std,Weekday;Season;Total;OCCUPIED,30,5,25,False,True,4,120,False
770,building1,std,Weekday;Season;Total;OCCUPIED,30,5,25,True,False,4,120,False
771,building1,std,Weekday;Season;Total;OCCUPIED,30,5,25,True,True,4,120,False
772,building1,std,Weekday;Season;Total;OCCUPIED,30,5,500,False,False,4,120,False
773,building1,std,Weekday;Season;Total;OCCUPIED,30,5,500,False,True,4,120,False
774,building1,std,Weekday;Season;Total;OCCUPIED,30,5,500,True,False,4,120,False
775,building1,std,Weekday;Season;Total;OCCUPIED,30,5,500,True,True,4,120,False
776,building1,std,Weekday;Season;Total;OCCUPIED,30,5,100;50;25,False,False,4,120,False
777,building1,std,Weekday;Season;Total;OCCUPIED,30,5,100;50;25,False,True,4,120,False
778,building1,std,Weekday;Season;Total;OCCUPIED,30,5,100;50;25,True,False,4,120,False
779,building1,std,Weekday;Season;Total;OCCUPIED,30,5,100;50;25,True,True,4,120,False
780,building1,std,Weekday;Season;Total;OCCUPIED,30,30,25,False,False,4,120,False
781,building1,std,Weekday;Season;Total;OCCUPIED,30,30,25,False,True,4,120,False
782,building1,std,Weekday;Season;Total;OCCUPIED,30,30,25,True,False,4,120,False
783,building1,std,Weekday;Season;Total;OCCUPIED,30,30,25,True,True,4,120,False
784,building1,std,Weekday;Season;Total;OCCUPIED,30,30,500,False,False,4,120,False
785,building1,std,Weekday;Season;Total;OCCUPIED,30,30,500,False,True,4,120,False
786,building1,std,Weekday;Season;Total;OCCUPIED,30,30,500,True,False,4,120,False
787,building1,std,Weekday;Season;Total;OCCUPIED,30,30,500,True,True,4,120,False
788,building1,std,Weekday;Season;Total;OCCUPIED,30,30,100;50;25,False,False,4,120,False
789,building1,std,Weekday;Season;Total;OCCUPIED,30,30,100;50;25,False,True,4,120,False
790,building1,std,Weekday;Season;Total;OCCUPIED,30,30,100;50;25,True,False,4,120,False
791,building1,std,Weekday;Season;Total;OCCUPIED,30,30,100;50;25,True,True,4,120,False
792,building1,std,Weekday;Season;Total;OCCUPIED,30,96,25,False,False,4,120,False
793,building1,std,Weekday;Season;Total;OCCUPIED,30,96,25,False,True,4,120,False
794,building1,std,Weekday;Season;Total;OCCUPIED,30,96,25,True,False,4,120,False
795,building1,std,Weekday;Season;Total;OCCUPIED,30,96,25,True,True,4,120,False
796,building1,std,Weekday;Season;Total;OCCUPIED,30,96,500,False,False,4,120,False
797,building1,std,Weekday;Season;Total;OCCUPIED,30,96,500,False,True,4,120,False
798,building1,std,Weekday;Season;Total;OCCUPIED,30,96,500,True,False,4,120,False
799,building1,std,Weekday;Season;Total;OCCUPIED,30,96,500,True,True,4,120,False
800,building1,std,Weekday;Season;Total;OCCUPIED,30,96,100;50;25,False,False,4,120,False
801,building1,std,Weekday;Season;Total;OCCUPIED,30,96,100;50;25,False,True,4,120,False
802,building1,std,Weekday;Season;Total;OCCUPIED,30,96,100;50;25,True,False,4,120,False
803,building1,std,Weekday;Season;Total;OCCUPIED,30,96,100;50;25,True,True,4,120,False
804,building1,std,Weekday;Season;Total;OCCUPIED,30,288,25,False,False,4,120,False
805,building1,std,Weekday;Season;Total;OCCUPIED,30,288,25,False,True,4,120,False
806,building1,std,Weekday;Season;Total;OCCUPIED,30,288,25,True,False,4,120,False
807,building1,std,Weekday;Season;Total;OCCUPIED,30,288,25,True,True,4,120,False
808,building1,std,Weekday;Season;Total;OCCUPIED,30,288,500,False,False,4,120,False
809,building1,std,Weekday;Season;Total;OCCUPIED,30,288,500,False,True,4,120,False
810,building1,std,Weekday;Season;Total;OCCUPIED,30,288,500,True,False,4,120,False
811,building1,std,Weekday;Season;Total;OCCUPIED,30,288,500,True,True,4,120,False
812,building1,std,Weekday;Season;Total;OCCUPIED,30,288,100;50;25,False,False,4,120,False
813,building1,std,Weekday;Season;Total;OCCUPIED,30,288,100;50;25,False,True,4,120,False
814,building1,std,Weekday;Season;Total;OCCUPIED,30,288,100;50;25,True,False,4,120,False
815,building1,std,Weekday;Season;Total;OCCUPIED,30,288,100;50;25,True,True,4,120,False
816,building1,std,Weekday;Season;Total;OCCUPIED,96,5,25,False,False,4,120,False
817,building1,std,Weekday;Season;Total;OCCUPIED,96,5,25,False,True,4,120,False
818,building1,std,Weekday;Season;Total;OCCUPIED,96,5,25,True,False,4,120,False
819,building1,std,Weekday;Season;Total;OCCUPIED,96,5,25,True,True,4,120,False
820,building1,std,Weekday;Season;Total;OCCUPIED,96,5,500,False,False,4,120,False
821,building1,std,Weekday;Season;Total;OCCUPIED,96,5,500,False,True,4,120,False
822,building1,std,Weekday;Season;Total;OCCUPIED,96,5,500,True,False,4,120,False
823,building1,std,Weekday;Season;Total;OCCUPIED,96,5,500,True,True,4,120,False
824,building1,std,Weekday;Season;Total;OCCUPIED,96,5,100;50;25,False,False,4,120,False
825,building1,std,Weekday;Season;Total;OCCUPIED,96,5,100;50;25,False,True,4,120,False
826,building1,std,Weekday;Season;Total;OCCUPIED,96,5,100;50;25,True,False,4,120,False
827,building1,std,Weekday;Season;Total;OCCUPIED,96,5,100;50;25,True,True,4,120,False
828,building1,std,Weekday;Season;Total;OCCUPIED,96,30,25,False,False,4,120,False
829,building1,std,Weekday;Season;Total;OCCUPIED,96,30,25,False,True,4,120,False
830,building1,std,Weekday;Season;Total;OCCUPIED,96,30,25,True,False,4,120,False
831,building1,std,Weekday;Season;Total;OCCUPIED,96,30,25,True,True,4,120,False
832,building1,std,Weekday;Season;Total;OCCUPIED,96,30,500,False,False,4,120,False
833,building1,std,Weekday;Season;Total;OCCUPIED,96,30,500,False,True,4,120,False
834,building1,std,Weekday;Season;Total;OCCUPIED,96,30,500,True,False,4,120,False
835,building1,std,Weekday;Season;Total;OCCUPIED,96,30,500,True,True,4,120,False
836,building1,std,Weekday;Season;Total;OCCUPIED,96,30,100;50;25,False,False,4,120,False
837,building1,std,Weekday;Season;Total;OCCUPIED,96,30,100;50;25,False,True,4,120,False
838,building1,std,Weekday;Season;Total;OCCUPIED,96,30,100;50;25,True,False,4,120,False
839,building1,std,Weekday;Season;Total;OCCUPIED,96,30,100;50;25,True,True,4,120,False
840,building1,std,Weekday;Season;Total;OCCUPIED,96,96,25,False,False,4,120,False
841,building1,std,Weekday;Season;Total;OCCUPIED,96,96,25,False,True,4,120,False
842,building1,std,Weekday;Season;Total;OCCUPIED,96,96,25,True,False,4,120,False
843,building1,std,Weekday;Season;Total;OCCUPIED,96,96,25,True,True,4,120,False
844,building1,std,Weekday;Season;Total;OCCUPIED,96,96,500,False,False,4,120,False
845,building1,std,Weekday;Season;Total;OCCUPIED,96,96,500,False,True,4,120,False
846,building1,std,Weekday;Season;Total;OCCUPIED,96,96,500,True,False,4,120,False
847,building1,std,Weekday;Season;Total;OCCUPIED,96,96,500,True,True,4,120,False
848,building1,std,Weekday;Season;Total;OCCUPIED,96,96,100;50;25,False,False,4,120,False
849,building1,std,Weekday;Season;Total;OCCUPIED,96,96,100;50;25,False,True,4,120,False
850,building1,std,Weekday;Season;Total;OCCUPIED,96,96,100;50;25,True,False,4,120,False
851,building1,std,Weekday;Season;Total;OCCUPIED,96,96,100;50;25,True,True,4,120,False
852,building1,std,Weekday;Season;Total;OCCUPIED,96,288,25,False,False,4,120,False
853,building1,std,Weekday;Season;Total;OCCUPIED,96,288,25,False,True,4,120,False
854,building1,std,Weekday;Season;Total;OCCUPIED,96,288,25,True,False,4,120,False
855,building1,std,Weekday;Season;Total;OCCUPIED,96,288,25,True,True,4,120,False
856,building1,std,Weekday;Season;Total;OCCUPIED,96,288,500,False,False,4,120,False
857,building1,std,Weekday;Season;Total;OCCUPIED,96,288,500,False,True,4,120,False
858,building1,std,Weekday;Season;Total;OCCUPIED,96,288,500,True,False,4,120,False
859,building1,std,Weekday;Season;Total;OCCUPIED,96,288,500,True,True,4,120,False
860,building1,std,Weekday;Season;Total;OCCUPIED,96,288,100;50;25,False,False,4,120,False
861,building1,std,Weekday;Season;Total;OCCUPIED,96,288,100;50;25,False,True,4,120,False
862,building1,std,Weekday;Season;Total;OCCUPIED,96,288,100;50;25,True,False,4,120,False
863,building1,std,Weekday;Season;Total;OCCUPIED,96,288,100;50;25,True,True,4,120,False
864,building1,std,Weekday;Season;Total;OCCUPIED,288,5,25,False,False,4,120,False
865,building1,std,Weekday;Season;Total;OCCUPIED,288,5,25,False,True,4,120,False
866,building1,std,Weekday;Season;Total;OCCUPIED,288,5,25,True,False,4,120,False
867,building1,std,Weekday;Season;Total;OCCUPIED,288,5,25,True,True,4,120,False
868,building1,std,Weekday;Season;Total;OCCUPIED,288,5,500,False,False,4,120,False
869,building1,std,Weekday;Season;Total;OCCUPIED,288,5,500,False,True,4,120,False
870,building1,std,Weekday;Season;Total;OCCUPIED,288,5,500,True,False,4,120,False
871,building1,std,Weekday;Season;Total;OCCUPIED,288,5,500,True,True,4,120,False
872,building1,std,Weekday;Season;Total;OCCUPIED,288,5,100;50;25,False,False,4,120,False
873,building1,std,Weekday;Season;Total;OCCUPIED,288,5,100;50;25,False,True,4,120,False
874,building1,std,Weekday;Season;Total;OCCUPIED,288,5,100;50;25,True,False,4,120,False
875,building1,std,Weekday;Season;Total;OCCUPIED,288,5,100;50;25,True,True,4,120,False
876,building1,std,Weekday;Season;Total;OCCUPIED,288,30,25,False,False,4,120,False
877,building1,std,Weekday;Season;Total;OCCUPIED,288,30,25,False,True,4,120,False
878,building1,std,Weekday;Season;Total;OCCUPIED,288,30,25,True,False,4,120,False
879,building1,std,Weekday;Season;Total;OCCUPIED,288,30,25,True,True,4,120,False
880,building1,std,Weekday;Season;Total;OCCUPIED,288,30,500,False,False,4,120,False
881,building1,std,Weekday;Season;Total;OCCUPIED,288,30,500,False,True,4,120,False
882,building1,std,Weekday;Season;Total;OCCUPIED,288,30,500,True,False,4,120,False
883,building1,std,Weekday;Season;Total;OCCUPIED,288,30,500,True,True,4,120,False
884,building1,std,Weekday;Season;Total;OCCUPIED,288,30,100;50;25,False,False,4,120,False
885,building1,std,Weekday;Season;Total;OCCUPIED,288,30,100;50;25,False,True,4,120,False
886,building1,std,Weekday;Season;Total;OCCUPIED,288,30,100;50;25,True,False,4,120,False
887,building1,std,Weekday;Season;Total;OCCUPIED,288,30,100;50;25,True,True,4,120,False
888,building1,std,Weekday;Season;Total;OCCUPIED,288,96,25,False,False,4,120,False
889,building1,std,Weekday;Season;Total;OCCUPIED,288,96,25,False,True,4,120,False
890,building1,std,Weekday;Season;Total;OCCUPIED,288,96,25,True,False,4,120,False
891,building1,std,Weekday;Season;Total;OCCUPIED,288,96,25,True,True,4,120,False
892,building1,std,Weekday;Season;Total;OCCUPIED,288,96,500,False,False,4,120,False
893,building1,std,Weekday;Season;Total;OCCUPIED,288,96,500,False,True,4,120,False
894,building1,std,Weekday;Season;Total;OCCUPIED,288,96,500,True,False,4,120,False
895,building1,std,Weekday;Season;Total;OCCUPIED,288,96,500,True,True,4,120,False
896,building1,std,Weekday;Season;Total;OCCUPIED,288,96,100;50;25,False,False,4,120,False
897,building1,std,Weekday;Season;Total;OCCUPIED,288,96,100;50;25,False,True,4,120,False
898,building1,std,Weekday;Season;Total;OCCUPIED,288,96,100;50;25,True,False,4,120,False
899,building1,std,Weekday;Season;Total;OCCUPIED,288,96,100;50;25,True,True,4,120,False
900,building1,std,Weekday;Season;Total;OCCUPIED,288,288,25,False,False,4,120,False
901,building1,std,Weekday;Season;Total;OCCUPIED,288,288,25,False,True,4,120,False
902,building1,std,Weekday;Season;Total;OCCUPIED,288,288,25,True,False,4,120,False
903,building1,std,Weekday;Season;Total;OCCUPIED,288,288,25,True,True,4,120,False
904,building1,std,Weekday;Season;Total;OCCUPIED,288,288,500,False,False,4,120,False
905,building1,std,Weekday;Season;Total;OCCUPIED,288,288,500,False,True,4,120,False
906,building1,std,Weekday;Season;Total;OCCUPIED,288,288,500,True,False,4,120,False
907,building1,std,Weekday;Season;Total;OCCUPIED,288,288,500,True,True,4,120,False
908,building1,std,Weekday;Season;Total;OCCUPIED,288,288,100;50;25,False,False,4,120,False
909,building1,std,Weekday;Season;Total;OCCUPIED,288,288,100;50;25,False,True,4,120,False
910,building1,std,Weekday;Season;Total;OCCUPIED,288,288,100;50;25,True,False,4,120,False
911,building1,std,Weekday;Season;Total;OCCUPIED,288,288,100;50;25,True,True,4,120,False
912,building1,std,Weekday;Season;Total;OCCUPIED,672,5,25,False,False,4,120,False
913,building1,std,Weekday;Season;Total;OCCUPIED,672,5,25,False,True,4,120,False
914,building1,std,Weekday;Season;Total;OCCUPIED,672,5,25,True,False,4,120,False
915,building1,std,Weekday;Season;Total;OCCUPIED,672,5,25,True,True,4,120,False
916,building1,std,Weekday;Season;Total;OCCUPIED,672,5,500,False,False,4,120,False
917,building1,std,Weekday;Season;Total;OCCUPIED,672,5,500,False,True,4,120,False
918,building1,std,Weekday;Season;Total;OCCUPIED,672,5,500,True,False,4,120,False
919,building1,std,Weekday;Season;Total;OCCUPIED,672,5,500,True,True,4,120,False
920,building1,std,Weekday;Season;Total;OCCUPIED,672,5,100;50;25,False,False,4,120,False
921,building1,std,Weekday;Season;Total;OCCUPIED,672,5,100;50;25,False,True,4,120,False
922,building1,std,Weekday;Season;Total;OCCUPIED,672,5,100;50;25,True,False,4,120,False
923,building1,std,Weekday;Season;Total;OCCUPIED,672,5,100;50;25,True,True,4,120,False
924,building1,std,Weekday;Season;Total;OCCUPIED,672,30,25,False,False,4,120,False
925,building1,std,Weekday;Season;Total;OCCUPIED,672,30,25,False,True,4,120,False
926,building1,std,Weekday;Season;Total;OCCUPIED,672,30,25,True,False,4,120,False
927,building1,std,Weekday;Season;Total;OCCUPIED,672,30,25,True,True,4,120,False
928,building1,std,Weekday;Season;Total;OCCUPIED,672,30,500,False,False,4,120,False
929,building1,std,Weekday;Season;Total;OCCUPIED,672,30,500,False,True,4,120,False
930,building1,std,Weekday;Season;Total;OCCUPIED,672,30,500,True,False,4,120,False
931,building1,std,Weekday;Season;Total;OCCUPIED,672,30,500,True,True,4,120,False
932,building1,std,Weekday;Season;Total;OCCUPIED,672,30,100;50;25,False,False,4,120,False
933,building1,std,Weekday;Season;Total;OCCUPIED,672,30,100;50;25,False,True,4,120,False
934,building1,std,Weekday;Season;Total;OCCUPIED,672,30,100;50;25,True,False,4,120,False
935,building1,std,Weekday;Season;Total;OCCUPIED,672,30,100;50;25,True,True,4,120,False
936,building1,std,Weekday;Season;Total;OCCUPIED,672,96,25,False,False,4,120,False
937,building1,std,Weekday;Season;Total;OCCUPIED,672,96,25,False,True,4,120,False
938,building1,std,Weekday;Season;Total;OCCUPIED,672,96,25,True,False,4,120,False
939,building1,std,Weekday;Season;Total;OCCUPIED,672,96,25,True,True,4,120,False
940,building1,std,Weekday;Season;Total;OCCUPIED,672,96,500,False,False,4,120,False
941,building1,std,Weekday;Season;Total;OCCUPIED,672,96,500,False,True,4,120,False
942,building1,std,Weekday;Season;Total;OCCUPIED,672,96,500,True,False,4,120,False
943,building1,std,Weekday;Season;Total;OCCUPIED,672,96,500,True,True,4,120,False
944,building1,std,Weekday;Season;Total;OCCUPIED,672,96,100;50;25,False,False,4,120,False
945,building1,std,Weekday;Season;Total;OCCUPIED,672,96,100;50;25,False,True,4,120,False
946,building1,std,Weekday;Season;Total;OCCUPIED,672,96,100;50;25,True,False,4,120,False
947,building1,std,Weekday;Season;Total;OCCUPIED,672,96,100;50;25,True,True,4,120,False
948,building1,std,Weekday;Season;Total;OCCUPIED,672,288,25,False,False,4,120,False
949,building1,std,Weekday;Season;Total;OCCUPIED,672,288,25,False,True,4,120,False
950,building1,std,Weekday;Season;Total;OCCUPIED,672,288,25,True,False,4,120,False
951,building1,std,Weekday;Season;Total;OCCUPIED,672,288,25,True,True,4,120,False
952,building1,std,Weekday;Season;Total;OCCUPIED,672,288,500,False,False,4,120,False
953,building1,std,Weekday;Season;Total;OCCUPIED,672,288,500,False,True,4,120,False
954,building1,std,Weekday;Season;Total;OCCUPIED,672,288,500,True,False,4,120,False
955,building1,std,Weekday;Season;Total;OCCUPIED,672,288,500,True,True,4,120,False
956,building1,std,Weekday;Season;Total;OCCUPIED,672,288,100;50;25,False,False,4,120,False
957,building1,std,Weekday;Season;Total;OCCUPIED,672,288,100;50;25,False,True,4,120,False
958,building1,std,Weekday;Season;Total;OCCUPIED,672,288,100;50;25,True,False,4,120,False
959,building1,std,Weekday;Season;Total;OCCUPIED,672,288,100;50;25,True,True,4,120,False
960,building1,std,MinuteTimeStamp;Weekday;Total;OCCUPIED,30,5,25,False,False,4,120,False
961,building1,std,MinuteTimeStamp;Weekday;Total;OCCUPIED,30,5,25,False,True,4,120,False
962,building1,std,MinuteTimeStamp;Weekday;Total;OCCUPIED,30,5,25,True,False,4,120,False
963,building1,std,MinuteTimeStamp;Weekday;Total;OCCUPIED,30,5,25,True,True,4,120,False
964,building1,std,MinuteTimeStamp;Weekday;Total;OCCUPIED,30,5,500,False,False,4,120,False
965,building1,std,MinuteTimeStamp;Weekday;Total;OCCUPIED,30,5,500,False,True,4,120,False
966,building1,std,MinuteTimeStamp;Weekday;Total;OCCUPIED,30,5,500,True,False,4,120,False
967,building1,std,MinuteTimeStamp;Weekday;Total;OCCUPIED,30,5,500,True,True,4,120,False
968,building1,std,MinuteTimeStamp;Weekday;Total;OCCUPIED,30,5,100;50;25,False,False,4,120,False
969,building1,std,MinuteTimeStamp;Weekday;Total;OCCUPIED,30,5,100;50;25,False,True,4,120,False
970,building1,std,MinuteTimeStamp;Weekday;Total;OCCUPIED,30,5,100;50;25,True,False,4,120,False
971,building1,std,MinuteTimeStamp;Weekday;Total;OCCUPIED,30,5,100;50;25,True,True,4,120,False
972,building1,std,MinuteTimeStamp;Weekday;Total;OCCUPIED,30,30,25,False,False,4,120,False
973,building1,std,MinuteTimeStamp;Weekday;Total;OCCUPIED,30,30,25,False,True,4,120,False
974,building1,std,MinuteTimeStamp;Weekday;Total;OCCUPIED,30,30,25,True,False,4,120,False
975,building1,std,MinuteTimeStamp;Weekday;Total;OCCUPIED,30,30,25,True,True,4,120,False
976,building1,std,MinuteTimeStamp;Weekday;Total;OCCUPIED,30,30,500,False,False,4,120,False
977,building1,std,MinuteTimeStamp;Weekday;Total;OCCUPIED,30,30,500,False,True,4,120,False
978,building1,std,MinuteTimeStamp;Weekday;Total;OCCUPIED,30,30,500,True,False,4,120,False
979,building1,std,MinuteTimeStamp;Weekday;Total;OCCUPIED,30,30,500,True,True,4,120,False
980,building1,std,MinuteTimeStamp;Weekday;Total;OCCUPIED,30,30,100;50;25,False,False,4,120,False
981,building1,std,MinuteTimeStamp;Weekday;Total;OCCUPIED,30,30,100;50;25,False,True,4,120,False
982,building1,std,MinuteTimeStamp;Weekday;Total;OCCUPIED,30,30,100;50;25,True,False,4,120,False
983,building1,std,MinuteTimeStamp;Weekday;Total;OCCUPIED,30,30,100;50;25,True,True,4,120,False
984,building1,std,MinuteTimeStamp;Weekday;Total;OCCUPIED,30,96,25,False,False,4,120,False
985,building1,std,MinuteTimeStamp;Weekday;Total;OCCUPIED,30,96,25,False,True,4,120,False
986,building1,std,MinuteTimeStamp;Weekday;Total;OCCUPIED,30,96,25,True,False,4,120,False
987,building1,std,MinuteTimeStamp;Weekday;Total;OCCUPIED,30,96,25,True,True,4,120,False
988,building1,std,MinuteTimeStamp;Weekday;Total;OCCUPIED,30,96,500,False,False,4,120,False
989,building1,std,MinuteTimeStamp;Weekday;Total;OCCUPIED,30,96,500,False,True,4,120,False
990,building1,std,MinuteTimeStamp;Weekday;Total;OCCUPIED,30,96,500,True,False,4,120,False
991,building1,std,MinuteTimeStamp;Weekday;Total;OCCUPIED,30,96,500,True,True,4,120,False
992,building1,std,MinuteTimeStamp;Weekday;Total;OCCUPIED,30,96,100;50;25,False,False,4,120,False
993,building1,std,MinuteTimeStamp;Weekday;Total;OCCUPIED,30,96,100;50;25,False,True,4,120,False
994,building1,std,MinuteTimeStamp;Weekday;Total;OCCUPIED,30,96,100;50;25,True,False,4,120,False
995,building1,std,MinuteTimeStamp;Weekday;Total;OCCUPIED,30,96,100;50;25,True,True,4,120,False
996,building1,std,MinuteTimeStamp;Weekday;Total;OCCUPIED,30,288,25,False,False,4,120,False
997,building1,std,MinuteTimeStamp;Weekday;Total;OCCUPIED,30,288,25,False,True,4,120,False
998,building1,std,MinuteTimeStamp;Weekday;Total;OCCUPIED,30,288,25,True,False,4,120,False
999,building1,std,MinuteTimeStamp;Weekday;Total;OCCUPIED,30,288,25,True,True,4,120,False
1000,building1,std,MinuteTimeStamp;Weekday;Total;OCCUPIED,30,288,500,False,False,4,120,False
1001,building1,std,MinuteTimeStamp;Weekday;Total;OCCUPIED,30,288,500,False,True,4,120,False
1002,building1,std,MinuteTimeStamp;Weekday;Total;OCCUPIED,30,288,500,True,False,4,120,False
1003,building1,std,MinuteTimeStamp;Weekday;Total;OCCUPIED,30,288,500,True,True,4,120,False
1004,building1,std,MinuteTimeStamp;Weekday;Total;OCCUPIED,30,288,100;50;25,False,False,4,120,False
1005,building1,std,MinuteTimeStamp;Weekday;Total;OCCUPIED,30,288,100;50;25,False,True,4,120,False
1006,building1,std,MinuteTimeStamp;Weekday;Total;OCCUPIED,30,288,100;50;25,True,False,4,120,False
1007,building1,std,MinuteTimeStamp;Weekday;Total;OCCUPIED,30,288,100;50;25,True,True,4,120,False
1008,building1,std,MinuteTimeStamp;Weekday;Total;OCCUPIED,96,5,25,False,False,4,120,False
1009,building1,std,MinuteTimeStamp;Weekday;Total;OCCUPIED,96,5,25,False,True,4,120,False
1010,building1,std,MinuteTimeStamp;Weekday;Total;OCCUPIED,96,5,25,True,False,4,120,False
1011,building1,std,MinuteTimeStamp;Weekday;Total;OCCUPIED,96,5,25,True,True,4,120,False
1012,building1,std,MinuteTimeStamp;Weekday;Total;OCCUPIED,96,5,500,False,False,4,120,False
1013,building1,std,MinuteTimeStamp;Weekday;Total;OCCUPIED,96,5,500,False,True,4,120,False
1014,building1,std,MinuteTimeStamp;Weekday;Total;OCCUPIED,96,5,500,True,False,4,120,False
1015,building1,std,MinuteTimeStamp;Weekday;Total;OCCUPIED,96,5,500,True,True,4,120,False
1016,building1,std,MinuteTimeStamp;Weekday;Total;OCCUPIED,96,5,100;50;25,False,False,4,120,False
1017,building1,std,MinuteTimeStamp;Weekday;Total;OCCUPIED,96,5,100;50;25,False,True,4,120,False
1018,building1,std,MinuteTimeStamp;Weekday;Total;OCCUPIED,96,5,100;50;25,True,False,4,120,False
1019,building1,std,MinuteTimeStamp;Weekday;Total;OCCUPIED,96,5,100;50;25,True,True,4,120,False
1020,building1,std,MinuteTimeStamp;Weekday;Total;OCCUPIED,96,30,25,False,False,4,120,False
1021,building1,std,MinuteTimeStamp;Weekday;Total;OCCUPIED,96,30,25,False,True,4,120,False
1022,building1,std,MinuteTimeStamp;Weekday;Total;OCCUPIED,96,30,25,True,False,4,120,False
1023,building1,std,MinuteTimeStamp;Weekday;Total;OCCUPIED,96,30,25,True,True,4,120,False
1024,building1,std,MinuteTimeStamp;Weekday;Total;OCCUPIED,96,30,500,False,False,4,120,False
1025,building1,std,MinuteTimeStamp;Weekday;Total;OCCUPIED,96,30,500,False,True,4,120,False
1026,building1,std,MinuteTimeStamp;Weekday;Total;OCCUPIED,96,30,500,True,False,4,120,False
1027,building1,std,MinuteTimeStamp;Weekday;Total;OCCUPIED,96,30,500,True,True,4,120,False
1028,building1,std,MinuteTimeStamp;Weekday;Total;OCCUPIED,96,30,100;50;25,False,False,4,120,False
1029,building1,std,MinuteTimeStamp;Weekday;Total;OCCUPIED,96,30,100;50;25,False,True,4,120,False
1030,building1,std,MinuteTimeStamp;Weekday;Total;OCCUPIED,96,30,100;50;25,True,False,4,120,False
1031,building1,std,MinuteTimeStamp;Weekday;Total;OCCUPIED,96,30,100;50;25,True,True,4,120,False
1032,building1,std,MinuteTimeStamp;Weekday;Total;OCCUPIED,96,96,25,False,False,4,120,False
1033,building1,std,MinuteTimeStamp;Weekday;Total;OCCUPIED,96,96,25,False,True,4,120,False
1034,building1,std,MinuteTimeStamp;Weekday;Total;OCCUPIED,96,96,25,True,False,4,120,False
1035,building1,std,MinuteTimeStamp;Weekday;Total;OCCUPIED,96,96,25,True,True,4,120,False
1036,building1,std,MinuteTimeStamp;Weekday;Total;OCCUPIED,96,96,500,False,False,4,120,False
1037,building1,std,MinuteTimeStamp;Weekday;Total;OCCUPIED,96,96,500,False,True,4,120,False
1038,building1,std,MinuteTimeStamp;Weekday;Total;OCCUPIED,96,96,500,True,False,4,120,False
1039,building1,std,MinuteTimeStamp;Weekday;Total;OCCUPIED,96,96,500,True,True,4,120,False
1040,building1,std,MinuteTimeStamp;Weekday;Total;OCCUPIED,96,96,100;50;25,False,False,4,120,False
1041,building1,std,MinuteTimeStamp;Weekday;Total;OCCUPIED,96,96,100;50;25,False,True,4,120,False
1042,building1,std,MinuteTimeStamp;Weekday;Total;OCCUPIED,96,96,100;50;25,True,False,4,120,False
1043,building1,std,MinuteTimeStamp;Weekday;Total;OCCUPIED,96,96,100;50;25,True,True,4,120,False
1044,building1,std,MinuteTimeStamp;Weekday;Total;OCCUPIED,96,288,25,False,False,4,120,False
1045,building1,std,MinuteTimeStamp;Weekday;Total;OCCUPIED,96,288,25,False,True,4,120,False
1046,building1,std,MinuteTimeStamp;Weekday;Total;OCCUPIED,96,288,25,True,False,4,120,False
1047,building1,std,MinuteTimeStamp;Weekday;Total;OCCUPIED,96,288,25,True,True,4,120,False
1048,building1,std,MinuteTimeStamp;Weekday;Total;OCCUPIED,96,288,500,False,False,4,120,False
1049,building1,std,MinuteTimeStamp;Weekday;Total;OCCUPIED,96,288,500,False,True,4,120,False
1050,building1,std,MinuteTimeStamp;Weekday;Total;OCCUPIED,96,288,500,True,False,4,120,False
1051,building1,std,MinuteTimeStamp;Weekday;Total;OCCUPIED,96,288,500,True,True,4,120,False
1052,building1,std,MinuteTimeStamp;Weekday;Total;OCCUPIED,96,288,100;50;25,False,False,4,120,False
1053,building1,std,MinuteTimeStamp;Weekday;Total;OCCUPIED,96,288,100;50;25,False,True,4,120,False
1054,building1,std,MinuteTimeStamp;Weekday;Total;OCCUPIED,96,288,100;50;25,True,False,4,120,False
1055,building1,std,MinuteTimeStamp;Weekday;Total;OCCUPIED,96,288,100;50;25,True,True,4,120,False
1056,building1,std,MinuteTimeStamp;Weekday;Total;OCCUPIED,288,5,25,False,False,4,120,False
1057,building1,std,MinuteTimeStamp;Weekday;Total;OCCUPIED,288,5,25,False,True,4,120,False
1058,building1,std,MinuteTimeStamp;Weekday;Total;OCCUPIED,288,5,25,True,False,4,120,False
1059,building1,std,MinuteTimeStamp;Weekday;Total;OCCUPIED,288,5,25,True,True,4,120,False
1060,building1,std,MinuteTimeStamp;Weekday;Total;OCCUPIED,288,5,500,False,False,4,120,False
1061,building1,std,MinuteTimeStamp;Weekday;Total;OCCUPIED,288,5,500,False,True,4,120,False
1062,building1,std,MinuteTimeStamp;Weekday;Total;OCCUPIED,288,5,500,True,False,4,120,False
1063,building1,std,MinuteTimeStamp;Weekday;Total;OCCUPIED,288,5,500,True,True,4,120,False
1064,building1,std,MinuteTimeStamp;Weekday;Total;OCCUPIED,288,5,100;50;25,False,False,4,120,False
1065,building1,std,MinuteTimeStamp;Weekday;Total;OCCUPIED,288,5,100;50;25,False,True,4,120,False
1066,building1,std,MinuteTimeStamp;Weekday;Total;OCCUPIED,288,5,100;50;25,True,False,4,120,False
1067,building1,std,MinuteTimeStamp;Weekday;Total;OCCUPIED,288,5,100;50;25,True,True,4,120,False
1068,building1,std,MinuteTimeStamp;Weekday;Total;OCCUPIED,288,30,25,False,False,4,120,False
1069,building1,std,MinuteTimeStamp;Weekday;Total;OCCUPIED,288,30,25,False,True,4,120,False
1070,building1,std,MinuteTimeStamp;Weekday;Total;OCCUPIED,288,30,25,True,False,4,120,False
1071,building1,std,MinuteTimeStamp;Weekday;Total;OCCUPIED,288,30,25,True,True,4,120,False
1072,building1,std,MinuteTimeStamp;Weekday;Total;OCCUPIED,288,30,500,False,False,4,120,False
1073,building1,std,MinuteTimeStamp;Weekday;Total;OCCUPIED,288,30,500,False,True,4,120,False
1074,building1,std,MinuteTimeStamp;Weekday;Total;OCCUPIED,288,30,500,True,False,4,120,False
1075,building1,std,MinuteTimeStamp;Weekday;Total;OCCUPIED,288,30,500,True,True,4,120,False
1076,building1,std,MinuteTimeStamp;Weekday;Total;OCCUPIED,288,30,100;50;25,False,False,4,120,False
1077,building1,std,MinuteTimeStamp;Weekday;Total;OCCUPIED,288,30,100;50;25,False,True,4,120,False
1078,building1,std,MinuteTimeStamp;Weekday;Total;OCCUPIED,288,30,100;50;25,True,False,4,120,False
1079,building1,std,MinuteTimeStamp;Weekday;Total;OCCUPIED,288,30,100;50;25,True,True,4,120,False
1080,building1,std,MinuteTimeStamp;Weekday;Total;OCCUPIED,288,96,25,False,False,4,120,False
1081,building1,std,MinuteTimeStamp;Weekday;Total;OCCUPIED,288,96,25,False,True,4,120,False
1082,building1,std,MinuteTimeStamp;Weekday;Total;OCCUPIED,288,96,25,True,False,4,120,False
1083,building1,std,MinuteTimeStamp;Weekday;Total;OCCUPIED,288,96,25,True,True,4,120,False
1084,building1,std,MinuteTimeStamp;Weekday;Total;OCCUPIED,288,96,500,False,False,4,120,False
1085,building1,std,MinuteTimeStamp;Weekday;Total;OCCUPIED,288,96,500,False,True,4,120,False
1086,building1,std,MinuteTimeStamp;Weekday;Total;OCCUPIED,288,96,500,True,False,4,120,False
1087,building1,std,MinuteTimeStamp;Weekday;Total;OCCUPIED,288,96,500,True,True,4,120,False
1088,building1,std,MinuteTimeStamp;Weekday;Total;OCCUPIED,288,96,100;50;25,False,False,4,120,False
1089,building1,std,MinuteTimeStamp;Weekday;Total;OCCUPIED,288,96,100;50;25,False,True,4,120,False
1090,building1,std,MinuteTimeStamp;Weekday;Total;OCCUPIED,288,96,100;50;25,True,False,4,120,False
1091,building1,std,MinuteTimeStamp;Weekday;Total;OCCUPIED,288,96,100;50;25,True,True,4,120,False
1092,building1,std,MinuteTimeStamp;Weekday;Total;OCCUPIED,288,288,25,False,False,4,120,False
1093,building1,std,MinuteTimeStamp;Weekday;Total;OCCUPIED,288,288,25,False,True,4,120,False
1094,building1,std,MinuteTimeStamp;Weekday;Total;OCCUPIED,288,288,25,True,False,4,120,False
1095,building1,std,MinuteTimeStamp;Weekday;Total;OCCUPIED,288,288,25,True,True,4,120,False
1096,building1,std,MinuteTimeStamp;Weekday;Total;OCCUPIED,288,288,500,False,False,4,120,False
1097,building1,std,MinuteTimeStamp;Weekday;Total;OCCUPIED,288,288,500,False,True,4,120,False
1098,building1,std,MinuteTimeStamp;Weekday;Total;OCCUPIED,288,288,500,True,False,4,120,False
1099,building1,std,MinuteTimeStamp;Weekday;Total;OCCUPIED,288,288,500,True,True,4,120,False
1100,building1,std,MinuteTimeStamp;Weekday;Total;OCCUPIED,288,288,100;50;25,False,False,4,120,False
1101,building1,std,MinuteTimeStamp;Weekday;Total;OCCUPIED,288,288,100;50;25,False,True,4,120,False
1102,building1,std,MinuteTimeStamp;Weekday;Total;OCCUPIED,288,288,100;50;25,True,False,4,120,False
1103,building1,std,MinuteTimeStamp;Weekday;Total;OCCUPIED,288,288,100;50;25,True,True,4,120,False
1104,building1,std,MinuteTimeStamp;Weekday;Total;OCCUPIED,672,5,25,False,False,4,120,False
1105,building1,std,MinuteTimeStamp;Weekday;Total;OCCUPIED,672,5,25,False,True,4,120,False
1106,building1,std,MinuteTimeStamp;Weekday;Total;OCCUPIED,672,5,25,True,False,4,120,False
1107,building1,std,MinuteTimeStamp;Weekday;Total;OCCUPIED,672,5,25,True,True,4,120,False
1108,building1,std,MinuteTimeStamp;Weekday;Total;OCCUPIED,672,5,500,False,False,4,120,False
1109,building1,std,MinuteTimeStamp;Weekday;Total;OCCUPIED,672,5,500,False,True,4,120,False
1110,building1,std,MinuteTimeStamp;Weekday;Total;OCCUPIED,672,5,500,True,False,4,120,False
1111,building1,std,MinuteTimeStamp;Weekday;Total;OCCUPIED,672,5,500,True,True,4,120,False
1112,building1,std,MinuteTimeStamp;Weekday;Total;OCCUPIED,672,5,100;50;25,False,False,4,120,False
1113,building1,std,MinuteTimeStamp;Weekday;Total;OCCUPIED,672,5,100;50;25,False,True,4,120,False
1114,building1,std,MinuteTimeStamp;Weekday;Total;OCCUPIED,672,5,100;50;25,True,False,4,120,False
1115,building1,std,MinuteTimeStamp;Weekday;Total;OCCUPIED,672,5,100;50;25,True,True,4,120,False
1116,building1,std,MinuteTimeStamp;Weekday;Total;OCCUPIED,672,30,25,False,False,4,120,False
1117,building1,std,MinuteTimeStamp;Weekday;Total;OCCUPIED,672,30,25,False,True,4,120,False
1118,building1,std,MinuteTimeStamp;Weekday;Total;OCCUPIED,672,30,25,True,False,4,120,False
1119,building1,std,MinuteTimeStamp;Weekday;Total;OCCUPIED,672,30,25,True,True,4,120,False
1120,building1,std,MinuteTimeStamp;Weekday;Total;OCCUPIED,672,30,500,False,False,4,120,False
1121,building1,std,MinuteTimeStamp;Weekday;Total;OCCUPIED,672,30,500,False,True,4,120,False
1122,building1,std,MinuteTimeStamp;Weekday;Total;OCCUPIED,672,30,500,True,False,4,120,False
1123,building1,std,MinuteTimeStamp;Weekday;Total;OCCUPIED,672,30,500,True,True,4,120,False
1124,building1,std,MinuteTimeStamp;Weekday;Total;OCCUPIED,672,30,100;50;25,False,False,4,120,False
1125,building1,std,MinuteTimeStamp;Weekday;Total;OCCUPIED,672,30,100;50;25,False,True,4,120,False
1126,building1,std,MinuteTimeStamp;Weekday;Total;OCCUPIED,672,30,100;50;25,True,False,4,120,False
1127,building1,std,MinuteTimeStamp;Weekday;Total;OCCUPIED,672,30,100;50;25,True,True,4,120,False
1128,building1,std,MinuteTimeStamp;Weekday;Total;OCCUPIED,672,96,25,False,False,4,120,False
1129,building1,std,MinuteTimeStamp;Weekday;Total;OCCUPIED,672,96,25,False,True,4,120,False
1130,building1,std,MinuteTimeStamp;Weekday;Total;OCCUPIED,672,96,25,True,False,4,120,False
1131,building1,std,MinuteTimeStamp;Weekday;Total;OCCUPIED,672,96,25,True,True,4,120,False
1132,building1,std,MinuteTimeStamp;Weekday;Total;OCCUPIED,672,96,500,False,False,4,120,False
1133,building1,std,MinuteTimeStamp;Weekday;Total;OCCUPIED,672,96,500,False,True,4,120,False
1134,building1,std,MinuteTimeStamp;Weekday;Total;OCCUPIED,672,96,500,True,False,4,120,False
1135,building1,std,MinuteTimeStamp;Weekday;Total;OCCUPIED,672,96,500,True,True,4,120,False
1136,building1,std,MinuteTimeStamp;Weekday;Total;OCCUPIED,672,96,100;50;25,False,False,4,120,False
1137,building1,std,MinuteTimeStamp;Weekday;Total;OCCUPIED,672,96,100;50;25,False,True,4,120,False
1138,building1,std,MinuteTimeStamp;Weekday;Total;OCCUPIED,672,96,100;50;25,True,False,4,120,False
1139,building1,std,MinuteTimeStamp;Weekday;Total;OCCUPIED,672,96,100;50;25,True,True,4,120,False
1140,building1,std,MinuteTimeStamp;Weekday;Total;OCCUPIED,672,288,25,False,False,4,120,False
1141,building1,std,MinuteTimeStamp;Weekday;Total;OCCUPIED,672,288,25,False,True,4,120,False
1142,building1,std,MinuteTimeStamp;Weekday;Total;OCCUPIED,672,288,25,True,False,4,120,False
1143,building1,std,MinuteTimeStamp;Weekday;Total;OCCUPIED,672,288,25,True,True,4,120,False
1144,building1,std,MinuteTimeStamp;Weekday;Total;OCCUPIED,672,288,500,False,False,4,120,False
1145,building1,std,MinuteTimeStamp;Weekday;Total;OCCUPIED,672,288,500,False,True,4,120,False
1146,building1,std,MinuteTimeStamp;Weekday;Total;OCCUPIED,672,288,500,True,False,4,120,False
1147,building1,std,MinuteTimeStamp;Weekday;Total;OCCUPIED,672,288,500,True,True,4,120,False
1148,building1,std,MinuteTimeStamp;Weekday;Total;OCCUPIED,672,288,100;50;25,False,False,4,120,False
1149,building1,std,MinuteTimeStamp;Weekday;Total;OCCUPIED,672,288,100;50;25,False,True,4,120,False
1150,building1,std,MinuteTimeStamp;Weekday;Total;OCCUPIED,672,288,100;50;25,True,False,4,120,False
1151,building1,std,MinuteTimeStamp;Weekday;Total;OCCUPIED,672,288,100;50;25,True,True,4,120,False
